input,prediction
0.04979222395281936,0.03706328771920518,0.12104250603547395,-0.04408330849751518,0.09061794886864111,0.028818930628374595
0.03706328771920518,0.12104250603547395,-0.04408330849751518,0.09061794886864111,0.006525185570454211,0.040253136814518475
0.12104250603547395,-0.04408330849751518,0.09061794886864111,0.006525185570454211,0.00926706258397256,0.029722463503928265
-0.04408330849751518,0.09061794886864111,0.006525185570454211,0.00926706258397256,0.017047014577989964,0.0015324590019627493
0.09061794886864111,0.006525185570454211,0.00926706258397256,0.017047014577989964,0.06522735697202933,0.03539010024158867
0.006525185570454211,0.00926706258397256,0.017047014577989964,0.06522735697202933,0.031773672584128776,0.026202573318643063
0.00926706258397256,0.017047014577989964,0.06522735697202933,0.031773672584128776,-0.00864164956130109,0.01323101571849844
0.017047014577989964,0.06522735697202933,0.031773672584128776,-0.00864164956130109,0.06260788492057777,0.019540926813521875
0.06522735697202933,0.031773672584128776,-0.00864164956130109,0.06260788492057777,0.040597157508481765,0.03956116295639972
0.031773672584128776,-0.00864164956130109,0.06260788492057777,0.040597157508481765,0.09492058624141086,0.041422504365907
-0.00864164956130109,0.06260788492057777,0.040597157508481765,0.09492058624141086,0.15026573145179808,0.06783138971272415
0.06260788492057777,0.040597157508481765,0.09492058624141086,0.15026573145179808,0.04124550089633921,0.08001997702908006
0.040597157508481765,0.09492058624141086,0.15026573145179808,0.04124550089633921,0.10650660256644492,0.06735725961398031
0.09492058624141086,0.15026573145179808,0.04124550089633921,0.10650660256644492,0.16353189714098415,0.10649079809171194
0.15026573145179808,0.04124550089633921,0.10650660256644492,0.16353189714098415,0.12448340242431975,0.12357181828536223
0.04124550089633921,0.10650660256644492,0.16353189714098415,0.12448340242431975,0.08669442135525388,0.09242376525514667
0.10650660256644492,0.16353189714098415,0.12448340242431975,0.08669442135525388,0.1368040356513343,0.10751787378670147
0.16353189714098415,0.12448340242431975,0.08669442135525388,0.1368040356513343,0.10872123511464456,0.12099538807463397
0.12448340242431975,0.08669442135525388,0.1368040356513343,0.10872123511464456,0.219696043388019,0.13045462057083992
0.08669442135525388,0.1368040356513343,0.10872123511464456,0.219696043388019,-0.005839731683288718,0.10870778672052445
0.1368040356513343,0.10872123511464456,0.219696043388019,-0.005839731683288718,0.08634052055543513,0.07793012143208028
0.10872123511464456,0.219696043388019,-0.005839731683288718,0.08634052055543513,0.23935166133653368,0.12236145100058118
0.219696043388019,-0.005839731683288718,0.08634052055543513,0.23935166133653368,0.16353235842267966,0.1643934674047499
-0.005839731683288718,0.08634052055543513,0.23935166133653368,0.16353235842267966,0.15626609676882613,0.11707117963659139
0.08634052055543513,0.23935166133653368,0.16353235842267966,0.15626609676882613,0.12138971783749374,0.13457084362096638
0.23935166133653368,0.16353235842267966,0.15626609676882613,0.12138971783749374,0.13034819683106555,0.14954786499891612
0.16353235842267966,0.15626609676882613,0.12138971783749374,0.13034819683106555,0.18683893453320827,0.1440912891359691
0.15626609676882613,0.12138971783749374,0.13034819683106555,0.18683893453320827,0.1261321997972068,0.14407353700828673
0.12138971783749374,0.13034819683106555,0.18683893453320827,0.1261321997972068,0.21440383604152713,0.14458430625922308
0.13034819683106555,0.18683893453320827,0.1261321997972068,0.21440383604152713,0.2061400602821746,0.17206767146426932
0.18683893453320827,0.1261321997972068,0.21440383604152713,0.2061400602821746,0.12828006591331637,0.16748546730692102
0.1261321997972068,0.21440383604152713,0.2061400602821746,0.12828006591331637,0.21304986788938785,0.15725370783268974
0.21440383604152713,0.2061400602821746,0.12828006591331637,0.21304986788938785,0.2909539014737558,0.21144465972173943
0.2061400602821746,0.12828006591331637,0.21304986788938785,0.2909539014737558,0.15677882714733418,0.2053957630938003
0.12828006591331637,0.21304986788938785,0.2909539014737558,0.15677882714733418,0.25010169058745485,0.18483197810189872
0.21304986788938785,0.2909539014737558,0.15677882714733418,0.25010169058745485,0.152173189834527,0.20384542511315618
0.2909539014737558,0.15677882714733418,0.25010169058745485,0.152173189834527,0.24209582137295227,0.2060040798065062
0.15677882714733418,0.25010169058745485,0.152173189834527,0.24209582137295227,0.2200407021465822,0.1996156310486445
0.25010169058745485,0.152173189834527,0.24209582137295227,0.2200407021465822,0.2293623313550702,0.21459865376462164
0.152173189834527,0.24209582137295227,0.2200407021465822,0.2293623313550702,0.25646662331023135,0.20972516698411187
0.24209582137295227,0.2200407021465822,0.2293623313550702,0.25646662331023135,0.28565358626461285,0.24319875879555833
0.2200407021465822,0.2293623313550702,0.25646662331023135,0.28565358626461285,0.26908859616090874,0.24811226192708402
0.2293623313550702,0.25646662331023135,0.28565358626461285,0.26908859616090874,0.2792422363684146,0.2533901816031101
0.25646662331023135,0.28565358626461285,0.26908859616090874,0.2792422363684146,0.22368605309985418,0.2511194241885323
0.28565358626461285,0.26908859616090874,0.2792422363684146,0.22368605309985418,0.2695050005862728,0.24943680908680077
0.26908859616090874,0.2792422363684146,0.22368605309985418,0.2695050005862728,0.42142783860873567,0.2898360413201551
0.2792422363684146,0.22368605309985418,0.2695050005862728,0.42142783860873567,0.3188293338806346,0.31661984130139725
0.22368605309985418,0.2695050005862728,0.42142783860873567,0.3188293338806346,0.2929276975858031,0.2881431982008396
0.2695050005862728,0.42142783860873567,0.3188293338806346,0.2929276975858031,0.3177261045282034,0.30003636689645696
0.42142783860873567,0.3188293338806346,0.2929276975858031,0.3177261045282034,0.34390784347911496,0.33279912260206157
0.3188293338806346,0.2929276975858031,0.3177261045282034,0.34390784347911496,0.29118670781595607,0.307035616954457
0.2929276975858031,0.3177261045282034,0.34390784347911496,0.29118670781595607,0.29773265589761333,0.2916942708206496
0.3177261045282034,0.34390784347911496,0.29118670781595607,0.29773265589761333,0.33262889014309277,0.3038887378705828
0.34390784347911496,0.29118670781595607,0.29773265589761333,0.33262889014309277,0.24113184362831505,0.29498724411707494
0.29118670781595607,0.29773265589761333,0.33262889014309277,0.24113184362831505,0.43071219183533266,0.3020906042357434
0.29773265589761333,0.33262889014309277,0.24113184362831505,0.43071219183533266,0.2749560701588106,0.32210661748342295
0.33262889014309277,0.24113184362831505,0.43071219183533266,0.2749560701588106,0.302580568174964,0.2978634907940835
0.24113184362831505,0.43071219183533266,0.2749560701588106,0.302580568174964,0.37650632637493897,0.30634488608271937
0.43071219183533266,0.2749560701588106,0.302580568174964,0.37650632637493897,0.3993984157193154,0.3626423871572528
0.2749560701588106,0.302580568174964,0.37650632637493897,0.3993984157193154,0.44104297102142315,0.3571750733897793
0.302580568174964,0.37650632637493897,0.3993984157193154,0.44104297102142315,0.34086219353495006,0.3642859127692617
0.37650632637493897,0.3993984157193154,0.44104297102142315,0.34086219353495006,0.42863918126368616,0.3753857528100335
0.3993984157193154,0.44104297102142315,0.34086219353495006,0.42863918126368616,0.385840947596113,0.3917554451719217
0.44104297102142315,0.34086219353495006,0.42863918126368616,0.385840947596113,0.3896810026440803,0.3871741491288976
0.34086219353495006,0.42863918126368616,0.385840947596113,0.3896810026440803,0.37304825637935274,0.36750323179430244
0.42863918126368616,0.385840947596113,0.3896810026440803,0.37304825637935274,0.3903302269389062,0.380929636454436
0.385840947596113,0.3896810026440803,0.37304825637935274,0.3903302269389062,0.4350372601733588,0.3858876498146103
0.3896810026440803,0.37304825637935274,0.3903302269389062,0.4350372601733588,0.43003169644325223,0.4000877803300572
0.37304825637935274,0.3903302269389062,0.4350372601733588,0.43003169644325223,0.39892667374832896,0.39478253993808143
0.3903302269389062,0.4350372601733588,0.43003169644325223,0.39892667374832896,0.4272819070239032,0.39925192019225364
0.4350372601733588,0.43003169644325223,0.39892667374832896,0.4272819070239032,0.5707223928060899,0.44654872124808964
0.43003169644325223,0.39892667374832896,0.4272819070239032,0.5707223928060899,0.5087422781936707,0.47721250311338714
0.39892667374832896,0.4272819070239032,0.5707223928060899,0.5087422781936707,0.5197566540621462,0.47258795406253173
0.4272819070239032,0.5707223928060899,0.5087422781936707,0.5197566540621462,0.4586514213727931,0.4767167761164116
0.5707223928060899,0.5087422781936707,0.5197566540621462,0.4586514213727931,0.40758557955867813,0.471144826885867
0.5087422781936707,0.5197566540621462,0.4586514213727931,0.40758557955867813,0.5320032270462591,0.46387598629007376
0.5197566540621462,0.4586514213727931,0.40758557955867813,0.5320032270462591,0.5154620791960333,0.48993506222686933
0.4586514213727931,0.40758557955867813,0.5320032270462591,0.5154620791960333,0.43844644483745915,0.46261703328914516
0.40758557955867813,0.5320032270462591,0.5154620791960333,0.43844644483745915,0.4801286192067886,0.44788698266599014
0.5320032270462591,0.5154620791960333,0.43844644483745915,0.4801286192067886,0.4760607103759269,0.47665093945013487
0.5154620791960333,0.43844644483745915,0.4801286192067886,0.4760607103759269,0.49397630439718104,0.4723133894781386
0.43844644483745915,0.4801286192067886,0.4760607103759269,0.49397630439718104,0.42739487270076093,0.450264499223727
0.4801286192067886,0.4760607103759269,0.49397630439718104,0.42739487270076093,0.4738765755898555,0.450138355322045
0.4760607103759269,0.49397630439718104,0.42739487270076093,0.4738765755898555,0.5284510439972696,0.4708822722661824
0.49397630439718104,0.42739487270076093,0.4738765755898555,0.5284510439972696,0.5440903062227236,0.4939446364647466
0.42739487270076093,0.4738765755898555,0.5284510439972696,0.5440903062227236,0.6227663672092304,0.5136949123374352
0.4738765755898555,0.5284510439972696,0.5440903062227236,0.6227663672092304,0.5122023657153151,0.5314744216642757
0.5284510439972696,0.5440903062227236,0.6227663672092304,0.5122023657153151,0.607777509235258,0.5402875282801378
0.5440903062227236,0.6227663672092304,0.5122023657153151,0.607777509235258,0.5846643669177262,0.5648668057827035
0.6227663672092304,0.5122023657153151,0.607777509235258,0.5846643669177262,0.5666746633737033,0.5694128170822015
0.5122023657153151,0.607777509235258,0.5846643669177262,0.5666746633737033,0.5144217665710792,0.5354884057384743
0.607777509235258,0.5846643669177262,0.5666746633737033,0.5144217665710792,0.5540067402397627,0.5438886136175989
0.5846643669177262,0.5666746633737033,0.5144217665710792,0.5540067402397627,0.537705208255542,0.5399469467625525
0.5666746633737033,0.5144217665710792,0.5540067402397627,0.537705208255542,0.565456689979778,0.536042162793499
0.5144217665710792,0.5540067402397627,0.537705208255542,0.565456689979778,0.5262145066920269,0.5270982362230723
0.5540067402397627,0.537705208255542,0.565456689979778,0.5262145066920269,0.6732185661590824,0.557953782875596
0.537705208255542,0.565456689979778,0.5262145066920269,0.6732185661590824,0.5647201007387912,0.5753421367282372
0.565456689979778,0.5262145066920269,0.6732185661590824,0.5647201007387912,0.5185343600895175,0.5486619477863861
0.5262145066920269,0.6732185661590824,0.5647201007387912,0.5185343600895175,0.5533115077798965,0.5367144119023134
0.6732185661590824,0.5647201007387912,0.5185343600895175,0.5533115077798965,0.5989607682019116,0.5730835002148764
0.5647201007387912,0.5185343600895175,0.5533115077798965,0.5989607682019116,0.5355153110813318,0.5487963247430097
0.5185343600895175,0.5533115077798965,0.5989607682019116,0.5355153110813318,0.6222877406779417,0.5471829462854799
0.5533115077798965,0.5989607682019116,0.5355153110813318,0.6222877406779417,0.6248238851184537,0.580749101747303
0.5989607682019116,0.5355153110813318,0.6222877406779417,0.6248238851184537,0.6887560984849629,0.6090731901647617
0.5355153110813318,0.6222877406779417,0.6248238851184537,0.6887560984849629,0.6788739366563583,0.6232165904002512
0.6222877406779417,0.6248238851184537,0.6887560984849629,0.6788739366563583,0.5528721102702903,0.6177464073278973
0.6248238851184537,0.6887560984849629,0.6788739366563583,0.5528721102702903,0.6516572306316416,0.6061579516153369
0.6887560984849629,0.6788739366563583,0.5528721102702903,0.6516572306316416,0.516426309429913,0.6054025230767872
0.6788739366563583,0.5528721102702903,0.6516572306316416,0.516426309429913,0.6609625587924889,0.5905429214888338
0.5528721102702903,0.6516572306316416,0.516426309429913,0.6609625587924889,0.6725201374398541,0.6073904473503866
0.6516572306316416,0.516426309429913,0.6609625587924889,0.6725201374398541,0.6265750505172222,0.6239777104151085
0.516426309429913,0.6609625587924889,0.6725201374398541,0.6265750505172222,0.581828626669451,0.5867062505947721
0.6609625587924889,0.6725201374398541,0.6265750505172222,0.581828626669451,0.6156562498285912,0.607335298827073
0.6725201374398541,0.6265750505172222,0.581828626669451,0.6156562498285912,0.5957176268136345,0.6060711093036366
0.6265750505172222,0.581828626669451,0.6156562498285912,0.5957176268136345,0.6750403679879053,0.6068345570194356
0.581828626669451,0.6156562498285912,0.5957176268136345,0.6750403679879053,0.7044911695875056,0.6306297630755245
0.6156562498285912,0.5957176268136345,0.6750403679879053,0.7044911695875056,0.6755590662662787,0.647726664470966
0.5957176268136345,0.6750403679879053,0.7044911695875056,0.6755590662662787,0.6799083140930023,0.6470456977484134
0.6750403679879053,0.7044911695875056,0.6755590662662787,0.6799083140930023,0.6564902581060672,0.6601413719749745
0.7044911695875056,0.6755590662662787,0.6799083140930023,0.6564902581060672,0.7123188971991213,0.6690936016623592
0.6755590662662787,0.6799083140930023,0.6564902581060672,0.7123188971991213,0.659897639174125,0.6665836256318107
0.6799083140930023,0.6564902581060672,0.7123188971991213,0.659897639174125,0.6457653532686672,0.6513760576313776
0.6564902581060672,0.7123188971991213,0.659897639174125,0.6457653532686672,0.6862401533282919,0.6510087466711205
0.7123188971991213,0.659897639174125,0.6457653532686672,0.6862401533282919,0.648598707073087,0.6602303875399387
0.659897639174125,0.6457653532686672,0.6862401533282919,0.648598707073087,0.6921399642830631,0.6498384486221137
0.6457653532686672,0.6862401533282919,0.648598707073087,0.6921399642830631,0.7285599053728238,0.6690719709044641
0.6862401533282919,0.648598707073087,0.6921399642830631,0.7285599053728238,0.7133463221220325,0.6869621096586269
0.648598707073087,0.6921399642830631,0.7285599053728238,0.7133463221220325,0.7011695697437289,0.6800276733007642
0.6921399642830631,0.7285599053728238,0.7133463221220325,0.7011695697437289,0.760793958336975,0.701297810621448
0.7285599053728238,0.7133463221220325,0.7011695697437289,0.760793958336975,0.7973425731566136,0.7335656092287813
0.7133463221220325,0.7011695697437289,0.760793958336975,0.7973425731566136,0.8536502542898307,0.7603000979649026
0.7011695697437289,0.760793958336975,0.7973425731566136,0.8536502542898307,0.7383118903041958,0.7600681704886296
0.760793958336975,0.7973425731566136,0.8536502542898307,0.7383118903041958,0.6860263675326347,0.7344997246773193
0.7973425731566136,0.8536502542898307,0.7383118903041958,0.6860263675326347,0.7538103263207372,0.7339552137820838
0.8536502542898307,0.7383118903041958,0.6860263675326347,0.7538103263207372,0.6941572476823881,0.7358806724087064
0.7383118903041958,0.6860263675326347,0.7538103263207372,0.6941572476823881,0.8814721002546733,0.7365431367634898
0.6860263675326347,0.7538103263207372,0.6941572476823881,0.8814721002546733,0.7751370664858824,0.7615304109448658
0.7538103263207372,0.6941572476823881,0.8814721002546733,0.7751370664858824,0.8076444193470937,0.7645206935547684
0.6941572476823881,0.8814721002546733,0.7751370664858824,0.8076444193470937,0.8284581923548564,0.7747819008171382
0.8814721002546733,0.7751370664858824,0.8076444193470937,0.8284581923548564,0.8226288171635947,0.8129212175743934
0.7751370664858824,0.8076444193470937,0.8284581923548564,0.8226288171635947,0.6877112345441949,0.763229913942177
0.8076444193470937,0.8284581923548564,0.8226288171635947,0.6877112345441949,0.7714874139215134,0.7476742980314898
0.8284581923548564,0.8226288171635947,0.6877112345441949,0.7714874139215134,0.7663111257330092,0.7617846491193064
0.8226288171635947,0.6877112345441949,0.7714874139215134,0.7663111257330092,0.8414485114145555,0.7710041469268138
0.6877112345441949,0.7714874139215134,0.7663111257330092,0.8414485114145555,0.8056678000440312,0.7661737984292019
0.7714874139215134,0.7663111257330092,0.8414485114145555,0.8056678000440312,0.8401355950918858,0.7887162039615131
0.7663111257330092,0.8414485114145555,0.8056678000440312,0.8401355950918858,0.8428699282397322,0.8032642710368858
0.8414485114145555,0.8056678000440312,0.8401355950918858,0.8428699282397322,0.8543375400011919,0.8230961239593906
0.8056678000440312,0.8401355950918858,0.8428699282397322,0.8543375400011919,0.7939686709293325,0.8093188341028343
0.8401355950918858,0.8428699282397322,0.8543375400011919,0.7939686709293325,0.7238164439798573,0.7830822669137372
0.8428699282397322,0.8543375400011919,0.7939686709293325,0.7238164439798573,0.8411961973718699,0.7822347244151493
0.8543375400011919,0.7939686709293325,0.7238164439798573,0.8411961973718699,0.7966047842057075,0.7976520412265855
0.7939686709293325,0.7238164439798573,0.8411961973718699,0.7966047842057075,0.7979708389555982,0.7764777370677401
0.7238164439798573,0.8411961973718699,0.7966047842057075,0.7979708389555982,0.8319292755259946,0.7770065464030886
0.8411961973718699,0.7966047842057075,0.7979708389555982,0.8319292755259946,0.7114513391120894,0.7812303209677922
0.7966047842057075,0.7979708389555982,0.8319292755259946,0.7114513391120894,0.8846047017471275,0.7764053329347506
0.7979708389555982,0.8319292755259946,0.7114513391120894,0.8846047017471275,0.8461772095059985,0.8133153169098666
0.8319292755259946,0.7114513391120894,0.8846047017471275,0.8461772095059985,0.877701696708592,0.8223462146299605
0.7114513391120894,0.8846047017471275,0.8461772095059985,0.877701696708592,0.7595149927245838,0.7937462324410529
0.8846047017471275,0.8461772095059985,0.877701696708592,0.7595149927245838,0.8904840212192824,0.8226133637318729
0.8461772095059985,0.877701696708592,0.7595149927245838,0.8904840212192824,0.8518342817982467,0.8373458144849242
0.877701696708592,0.7595149927245838,0.8904840212192824,0.8518342817982467,0.7862343656191998,0.8191049926048173
0.7595149927245838,0.8904840212192824,0.8518342817982467,0.7862343656191998,0.8570634474289555,0.7983158309819776
0.8904840212192824,0.8518342817982467,0.7862343656191998,0.8570634474289555,0.8534186788152622,0.8368556798539619
0.8518342817982467,0.7862343656191998,0.8570634474289555,0.8534186788152622,0.8205846337022461,0.8208864539610827
0.7862343656191998,0.8570634474289555,0.8534186788152622,0.8205846337022461,0.8610106591220248,0.8125820018505325
0.8570634474289555,0.8534186788152622,0.8205846337022461,0.8610106591220248,0.9118529629141214,0.8482811349830746
0.8534186788152622,0.8205846337022461,0.8610106591220248,0.9118529629141214,0.9520032521727443,0.874001730018175
0.8205846337022461,0.8610106591220248,0.9118529629141214,0.9520032521727443,0.8795784764316382,0.873452292681963
0.8610106591220248,0.9118529629141214,0.9520032521727443,0.8795784764316382,0.9082157675845391,0.8755809342070533
0.9118529629141214,0.9520032521727443,0.8795784764316382,0.9082157675845391,0.956767185903539,0.9028474611130846
0.9520032521727443,0.8795784764316382,0.9082157675845391,0.956767185903539,0.866730281260091,0.9020794912694077
0.8795784764316382,0.9082157675845391,0.956767185903539,0.866730281260091,0.812683052013622,0.8539012270612474
0.9082157675845391,0.956767185903539,0.866730281260091,0.812683052013622,0.9262041026291545,0.8635435806811418
0.956767185903539,0.866730281260091,0.812683052013622,0.9262041026291545,0.8069818095528047,0.8674160585611639
0.866730281260091,0.812683052013622,0.9262041026291545,0.8069818095528047,0.9313501725975805,0.8451884930332896
0.812683052013622,0.9262041026291545,0.8069818095528047,0.9313501725975805,0.9139525950890073,0.8679765316240087
0.9262041026291545,0.8069818095528047,0.9313501725975805,0.9139525950890073,0.9304089490383394,0.8920909904265728
0.8069818095528047,0.9313501725975805,0.9139525950890073,0.9304089490383394,0.8609477572467097,0.8671695975383642
0.9313501725975805,0.9139525950890073,0.9304089490383394,0.8609477572467097,0.8870043683930362,0.877764611977123
0.9139525950890073,0.9304089490383394,0.8609477572467097,0.8870043683930362,0.9677931298505196,0.8945574244918619
0.9304089490383394,0.8609477572467097,0.8870043683930362,0.9677931298505196,0.977885549081108,0.9217947361109653
0.8609477572467097,0.8870043683930362,0.9677931298505196,0.977885549081108,0.8292137758485241,0.8882186728421442
0.8870043683930362,0.9677931298505196,0.977885549081108,0.8292137758485241,0.8991573139128287,0.8719956154466002
0.9677931298505196,0.977885549081108,0.8292137758485241,0.8991573139128287,0.9690488157995037,0.911873909516798
0.977885549081108,0.8292137758485241,0.8991573139128287,0.9690488157995037,1.0117319170277355,0.9381423767178052
0.8292137758485241,0.8991573139128287,0.9690488157995037,1.0117319170277355,0.9261359692857482,0.9156986596756314
0.8991573139128287,0.9690488157995037,1.0117319170277355,0.9261359692857482,0.9174034438965853,0.9138351445764128
0.9690488157995037,1.0117319170277355,0.9261359692857482,0.9174034438965853,0.8955722529929399,0.916005279312865
1.0117319170277355,0.9261359692857482,0.9174034438965853,0.8955722529929399,0.891045087107395,0.9069973401647193
0.9261359692857482,0.9174034438965853,0.8955722529929399,0.891045087107395,1.043631194530555,0.9183007088987456
0.9174034438965853,0.8955722529929399,0.891045087107395,1.043631194530555,0.9327391708840753,0.9371990233598058
0.8955722529929399,0.891045087107395,1.043631194530555,0.9327391708840753,0.9412515603481154,0.9158447086670678
0.891045087107395,1.043631194530555,0.9327391708840753,0.9412515603481154,1.0033978220597557,0.935488518861709
1.043631194530555,0.9327391708840753,0.9412515603481154,1.0033978220597557,0.9170557524503398,0.9578025710000146
0.9327391708840753,0.9412515603481154,1.0033978220597557,0.9170557524503398,0.8519211004679506,0.8993476689942892
0.9412515603481154,1.0033978220597557,0.9170557524503398,0.8519211004679506,0.9520738920910772,0.8999284563084624
1.0033978220597557,0.9170557524503398,0.8519211004679506,0.9520738920910772,0.9625379331754105,0.9310946352898815
0.9170557524503398,0.8519211004679506,0.9520738920910772,0.9625379331754105,1.006312773174942,0.9301575006912017
0.8519211004679506,0.9520738920910772,0.9625379331754105,1.006312773174942,0.9621141292334359,0.9320181025753651
0.9520738920910772,0.9625379331754105,1.006312773174942,0.9621141292334359,0.9607867232418598,0.9453622574054872
0.9625379331754105,1.006312773174942,0.9621141292334359,0.9607867232418598,0.9552326021246844,0.9455994529699627
1.006312773174942,0.9621141292334359,0.9607867232418598,0.9552326021246844,0.9021153008109277,0.9362948934913704
0.9621141292334359,0.9607867232418598,0.9552326021246844,0.9021153008109277,1.0168513006238584,0.9350371970072378
0.9607867232418598,0.9552326021246844,0.9021153008109277,1.0168513006238584,0.9985155484664884,0.9606655243007658
0.9552326021246844,0.9021153008109277,1.0168513006238584,0.9985155484664884,1.0144525104026023,0.9646132203190287
0.9021153008109277,1.0168513006238584,0.9985155484664884,1.0144525104026023,0.8963480886492553,0.941619063218297
1.0168513006238584,0.9985155484664884,1.0144525104026023,0.8963480886492553,0.9040883118689383,0.9302173748163147
0.9985155484664884,1.0144525104026023,0.8963480886492553,0.9040883118689383,1.020863435354956,0.9435073005253267
1.0144525104026023,0.8963480886492553,0.9040883118689383,1.020863435354956,1.0449307518493374,0.9780059325068535
0.8963480886492553,0.9040883118689383,1.020863435354956,1.0449307518493374,0.8915993443293749,0.9394625654554516
0.9040883118689383,1.020863435354956,1.0449307518493374,0.8915993443293749,1.012203124541422,0.9347836148376054
1.020863435354956,1.0449307518493374,0.8915993443293749,1.012203124541422,0.9858114714421236,0.9777479432010285
1.0449307518493374,0.8915993443293749,1.012203124541422,0.9858114714421236,0.8976689901472037,0.9517204097336573
0.8915993443293749,1.012203124541422,0.9858114714421236,0.8976689901472037,1.044961412137022,0.9337845529807325
1.012203124541422,0.9858114714421236,0.8976689901472037,1.044961412137022,0.9136661989658406,0.9642804249803973
0.9858114714421236,0.8976689901472037,1.044961412137022,0.9136661989658406,0.93207781962284,0.9280407519003979
0.8976689901472037,1.044961412137022,0.9136661989658406,0.93207781962284,1.0411723945651556,0.9405389733297498
1.044961412137022,0.9136661989658406,0.93207781962284,1.0411723945651556,1.0300202347261784,0.9927892376865621
0.9136661989658406,0.93207781962284,1.0411723945651556,1.0300202347261784,1.025052720446263,0.9741327314992234
0.93207781962284,1.0411723945651556,1.0300202347261784,1.025052720446263,0.9512000043806133,0.970201507567342
1.0411723945651556,1.0300202347261784,1.025052720446263,0.9512000043806133,0.9489168635840562,0.9678595852963447
1.0300202347261784,1.025052720446263,0.9512000043806133,0.9489168635840562,0.9046908986302742,0.9456721591490307
1.025052720446263,0.9512000043806133,0.9489168635840562,0.9046908986302742,1.0353595910061362,0.9519382256995057
0.9512000043806133,0.9489168635840562,0.9046908986302742,1.0353595910061362,1.0509382421649633,0.9760613948548609
0.9489168635840562,0.9046908986302742,1.0353595910061362,1.0509382421649633,0.9172242843697492,0.9603159057307762
0.9046908986302742,1.0353595910061362,1.0509382421649633,0.9172242843697492,1.0509149938876117,0.9541798948721756
1.0353595910061362,1.0509382421649633,0.9172242843697492,1.0509149938876117,0.9154556908064546,0.9808589024323076
1.0509382421649633,0.9172242843697492,1.0509149938876117,0.9154556908064546,1.0525987690144074,0.972914813471973
0.9172242843697492,1.0509149938876117,0.9154556908064546,1.0525987690144074,0.9905382298663825,0.9727105089573229
1.0509149938876117,0.9154556908064546,1.0525987690144074,0.9905382298663825,1.0028513008329576,0.9856493116269733
0.9154556908064546,1.0525987690144074,0.9905382298663825,1.0028513008329576,1.0600573042729473,0.98097316380563
1.0525987690144074,0.9905382298663825,1.0028513008329576,1.0600573042729473,0.9758828827289752,1.0045511633319373
0.9905382298663825,1.0028513008329576,1.0600573042729473,0.9758828827289752,0.9377893915617281,0.9633546413230325
1.0028513008329576,1.0600573042729473,0.9758828827289752,0.9377893915617281,0.9415106511087021,0.9511982903824427
1.0600573042729473,0.9758828827289752,0.9377893915617281,0.9415106511087021,0.9779826283094561,0.9596429196339016
0.9758828827289752,0.9377893915617281,0.9415106511087021,0.9779826283094561,0.9714701183092199,0.9479522811294876
0.9377893915617281,0.9415106511087021,0.9779826283094561,0.9714701183092199,1.037801585296423,0.9572848630476467
0.9415106511087021,0.9779826283094561,0.9714701183092199,1.037801585296423,1.0025172402439801,0.9744989781095859
0.9779826283094561,0.9714701183092199,1.037801585296423,1.0025172402439801,0.9995252365893667,0.9772902328663116
0.9714701183092199,1.037801585296423,1.0025172402439801,0.9995252365893667,1.005186397001286,0.9793214508340053
1.037801585296423,1.0025172402439801,0.9995252365893667,1.005186397001286,0.9525318288850938,0.9793667569002229
1.0025172402439801,0.9995252365893667,1.005186397001286,0.9525318288850938,1.0142124701721889,0.9692191349267687
0.9995252365893667,1.005186397001286,0.9525318288850938,1.0142124701721889,1.0060884416899805,0.9810734560970873
1.005186397001286,0.9525318288850938,1.0142124701721889,1.0060884416899805,0.8987828293028268,0.956663820163389
0.9525318288850938,1.0142124701721889,1.0060884416899805,0.8987828293028268,1.0425788309560386,0.9493206926559925
1.0142124701721889,1.0060884416899805,0.8987828293028268,1.0425788309560386,0.8902397186208039,0.960934131559791
1.0060884416899805,0.8987828293028268,1.0425788309560386,0.8902397186208039,1.038409600809273,0.9489620416886486
0.8987828293028268,1.0425788309560386,0.8902397186208039,1.038409600809273,0.9637097456646262,0.954288259379052
1.0425788309560386,0.8902397186208039,1.038409600809273,0.9637097456646262,0.9201563052526334,0.9520968238978698
0.8902397186208039,1.038409600809273,0.9637097456646262,0.9201563052526334,0.9494346703176779,0.9192577643718738
1.038409600809273,0.9637097456646262,0.9201563052526334,0.9494346703176779,0.9745261260078023,0.9533826802217638
0.9637097456646262,0.9201563052526334,0.9494346703176779,0.9745261260078023,1.0686302100693477,0.9653216654081089
0.9201563052526334,0.9494346703176779,0.9745261260078023,1.0686302100693477,1.0212530357455596,0.9812912817343475
0.9494346703176779,0.9745261260078023,1.0686302100693477,1.0212530357455596,0.9976019304034597,0.9805322184439662
0.9745261260078023,1.0686302100693477,1.0212530357455596,0.9976019304034597,0.9981126085341854,0.9832211629252339
1.0686302100693477,1.0212530357455596,0.9976019304034597,0.9981126085341854,0.9697076967034726,0.9894780416921722
1.0212530357455596,0.9976019304034597,0.9981126085341854,0.9697076967034726,0.9598075652535534,0.9653828754726255
0.9976019304034597,0.9981126085341854,0.9697076967034726,0.9598075652535534,1.0170283201751527,0.9669176518847107
0.9981126085341854,0.9697076967034726,0.9598075652535534,1.0170283201751527,0.9331263445685741,0.9620802277794196
0.9697076967034726,0.9598075652535534,1.0170283201751527,0.9331263445685741,1.0353208442929362,0.9577793042447149
0.9598075652535534,1.0170283201751527,0.9331263445685741,1.0353208442929362,0.9500481394184951,0.9655482722387965
1.0170283201751527,0.9331263445685741,1.0353208442929362,0.9500481394184951,0.9534076983174865,0.9540227205450573
0.9331263445685741,1.0353208442929362,0.9500481394184951,0.9534076983174865,0.9461534475209805,0.9365503073583001
1.0353208442929362,0.9500481394184951,0.9534076983174865,0.9461534475209805,0.9581984500379636,0.9502790620006529
0.9500481394184951,0.9534076983174865,0.9461534475209805,0.9581984500379636,1.0645316166525636,0.9594087283143515
0.9534076983174865,0.9461534475209805,0.9581984500379636,1.0645316166525636,0.9880658871570409,0.9774028471269454
0.9461534475209805,0.9581984500379636,1.0645316166525636,0.9880658871570409,1.0402211306341267,0.9766578442954978
0.9581984500379636,1.0645316166525636,0.9880658871570409,1.0402211306341267,0.926063853029102,0.9727139990741507
1.0645316166525636,0.9880658871570409,1.0402211306341267,0.926063853029102,1.0079337983529364,0.9755027833315855
0.9880658871570409,1.0402211306341267,0.926063853029102,1.0079337983529364,1.0015425813145433,0.9762954410989249
1.0402211306341267,0.926063853029102,1.0079337983529364,1.0015425813145433,1.0099919700838036,0.9845203936486717
0.926063853029102,1.0079337983529364,1.0015425813145433,1.0099919700838036,0.9899964960889862,0.9660636707546251
1.0079337983529364,1.0015425813145433,1.0099919700838036,0.9899964960889862,0.9865141018935983,0.9768597844627454
1.0015425813145433,1.0099919700838036,0.9899964960889862,0.9865141018935983,0.9087048210608748,0.9552824505672475
1.0099919700838036,0.9899964960889862,0.9865141018935983,0.9087048210608748,1.0122124522622675,0.9531781824404655
0.9899964960889862,0.9865141018935983,0.9087048210608748,1.0122124522622675,1.0467673080881017,0.9806017283673647
0.9865141018935983,0.9087048210608748,1.0122124522622675,1.0467673080881017,1.0283190190329774,0.9901760395596357
0.9087048210608748,1.0122124522622675,1.0467673080881017,1.0283190190329774,0.9591097748648632,0.9667846658374277
1.0122124522622675,1.0467673080881017,1.0283190190329774,0.9591097748648632,0.9675574907264739,0.9705453876733876
1.0467673080881017,1.0283190190329774,0.9591097748648632,0.9675574907264739,0.9786552317690352,0.9733523750414903
1.0283190190329774,0.9591097748648632,0.9675574907264739,0.9786552317690352,0.9240085164687855,0.9539929113891628
0.9591097748648632,0.9675574907264739,0.9786552317690352,0.9240085164687855,0.9778197667495407,0.9359293880494615
0.9675574907264739,0.9786552317690352,0.9240085164687855,0.9778197667495407,0.9036255456508135,0.9330644935768491
0.9786552317690352,0.9240085164687855,0.9778197667495407,0.9036255456508135,0.9258989964082238,0.9170290029568928
0.9240085164687855,0.9778197667495407,0.9036255456508135,0.9258989964082238,1.0227690889613297,0.9316906900925448
0.9778197667495407,0.9036255456508135,0.9258989964082238,1.0227690889613297,0.889976767909861,0.9387140935236555
0.9036255456508135,0.9258989964082238,1.0227690889613297,0.889976767909861,1.0150879900531036,0.9220545578697947
0.9258989964082238,1.0227690889613297,0.889976767909861,1.0150879900531036,0.9694661019412342,0.951829705761422
1.0227690889613297,0.889976767909861,1.0150879900531036,0.9694661019412342,0.9174121327958034,0.9463345156282419
0.889976767909861,1.0150879900531036,0.9694661019412342,0.9174121327958034,0.9917455334915043,0.9260934263374638
1.0150879900531036,0.9694661019412342,0.9174121327958034,0.9917455334915043,0.9147346469467348,0.9485949634191835
0.9694661019412342,0.9174121327958034,0.9917455334915043,0.9147346469467348,0.930930660710847,0.9206262484173287
0.9174121327958034,0.9917455334915043,0.9147346469467348,0.930930660710847,0.9223271475444557,0.9117947071830212
0.9917455334915043,0.9147346469467348,0.930930660710847,0.9223271475444557,0.9587259200891571,0.926960634175017
0.9147346469467348,0.930930660710847,0.9223271475444557,0.9587259200891571,0.914387326946285,0.9126305020769898
0.930930660710847,0.9223271475444557,0.9587259200891571,0.914387326946285,1.02673659195371,0.930725779311296
0.9223271475444557,0.9587259200891571,0.914387326946285,1.02673659195371,0.9616123423841181,0.9488938441675006
0.9587259200891571,0.914387326946285,1.02673659195371,0.9616123423841181,0.9366518246867364,0.9382982545593677
0.914387326946285,1.02673659195371,0.9616123423841181,0.9366518246867364,0.9481706340074271,0.9279833136672706
1.02673659195371,0.9616123423841181,0.9366518246867364,0.9481706340074271,0.8786092726357746,0.9302902488170754
0.9616123423841181,0.9366518246867364,0.9481706340074271,0.8786092726357746,0.8343281142957961,0.88246443376695
0.9366518246867364,0.9481706340074271,0.8786092726357746,0.8343281142957961,0.8729622030719347,0.8649514164542174
0.9481706340074271,0.8786092726357746,0.8343281142957961,0.8729622030719347,0.8627828702073488,0.864947975320774
0.8786092726357746,0.8343281142957961,0.8729622030719347,0.8627828702073488,0.9643609056423161,0.8693905453073603
0.8343281142957961,0.8729622030719347,0.8627828702073488,0.9643609056423161,0.8307284012569596,0.864947945774984
0.8729622030719347,0.8627828702073488,0.9643609056423161,0.8307284012569596,0.8760740284744618,0.8513305172969259
0.8627828702073488,0.9643609056423161,0.8307284012569596,0.8760740284744618,0.9721498900619734,0.8811753591035698
0.9643609056423161,0.8307284012569596,0.8760740284744618,0.9721498900619734,0.9243760516398924,0.9138584425487484
0.8307284012569596,0.8760740284744618,0.9721498900619734,0.9243760516398924,0.9774348429789087,0.8975774099980578
0.8760740284744618,0.9721498900619734,0.9243760516398924,0.9774348429789087,0.9228459861852578,0.916857767243751
0.9721498900619734,0.9243760516398924,0.9774348429789087,0.9228459861852578,0.9182613783172942,0.9200371551061437
0.9243760516398924,0.9774348429789087,0.9228459861852578,0.9182613783172942,0.9792152938880228,0.9215709658832922
0.9774348429789087,0.9228459861852578,0.9182613783172942,0.9792152938880228,0.8620326284457605,0.9195165413039603
0.9228459861852578,0.9182613783172942,0.9792152938880228,0.8620326284457605,0.8906391185359321,0.8831443926515228
0.9182613783172942,0.9792152938880228,0.8620326284457605,0.8906391185359321,1.0438655689930127,0.9193436644669717
0.9792152938880228,0.8620326284457605,0.8906391185359321,1.0438655689930127,0.9046430748509618,0.9405985352759472
0.8620326284457605,0.8906391185359321,1.0438655689930127,0.9046430748509618,0.9146660977794113,0.8935196690006879
0.8906391185359321,1.0438655689930127,0.9046430748509618,0.9146660977794113,0.8967380646658223,0.8994293860051281
1.0438655689930127,0.9046430748509618,0.9146660977794113,0.8967380646658223,0.883130551310494,0.9098954983212644
0.9046430748509618,0.9146660977794113,0.8967380646658223,0.883130551310494,0.8567939997419403,0.8684454103519681
0.9146660977794113,0.8967380646658223,0.883130551310494,0.8567939997419403,0.9309230490776422,0.8755538536487539
0.8967380646658223,0.883130551310494,0.8567939997419403,0.9309230490776422,0.8392812449089895,0.8700971082765827
0.883130551310494,0.8567939997419403,0.9309230490776422,0.8392812449089895,0.8593110467004752,0.8479883974199232
0.8567939997419403,0.9309230490776422,0.8392812449089895,0.8593110467004752,0.833274489781133,0.8402891708285447
0.9309230490776422,0.8392812449089895,0.8593110467004752,0.833274489781133,0.905855243059574,0.8569193910430359
0.8392812449089895,0.8593110467004752,0.833274489781133,0.905855243059574,0.8904971172556715,0.856027989612377
0.8593110467004752,0.833274489781133,0.905855243059574,0.8904971172556715,0.9920418983885118,0.8840393120675352
0.833274489781133,0.905855243059574,0.8904971172556715,0.9920418983885118,0.8802676831050219,0.8915722013348519
0.905855243059574,0.8904971172556715,0.9920418983885118,0.8802676831050219,0.8937224826004635,0.8844869198691203
0.8904971172556715,0.9920418983885118,0.8802676831050219,0.8937224826004635,0.8562192587322608,0.8750995106978343
0.9920418983885118,0.8802676831050219,0.8937224826004635,0.8562192587322608,0.9364748172137578,0.8928140332261252
0.8802676831050219,0.8937224826004635,0.8562192587322608,0.9364748172137578,0.9156725960913069,0.8867665671345515
0.8937224826004635,0.8562192587322608,0.9364748172137578,0.9156725960913069,0.890201872435034,0.8823561560467263
0.8562192587322608,0.9364748172137578,0.9156725960913069,0.890201872435034,0.8558567897473817,0.8645335314051259
0.9364748172137578,0.9156725960913069,0.890201872435034,0.8558567897473817,0.8901299775830924,0.8735409271299079
0.9156725960913069,0.890201872435034,0.8558567897473817,0.8901299775830924,0.8867446945132454,0.872578003852964
0.890201872435034,0.8558567897473817,0.8901299775830924,0.8867446945132454,0.9207634654276089,0.8739402043548294
0.8558567897473817,0.8901299775830924,0.8867446945132454,0.9207634654276089,0.8086552445371492,0.8552067962932195
0.8901299775830924,0.8867446945132454,0.9207634654276089,0.8086552445371492,0.9351340768005244,0.8590061629921966
0.8867446945132454,0.9207634654276089,0.8086552445371492,0.9351340768005244,0.7950451620118388,0.8577689609893866
0.9207634654276089,0.8086552445371492,0.9351340768005244,0.7950451620118388,0.8327778196763408,0.8312184719877906
0.8086552445371492,0.9351340768005244,0.7950451620118388,0.8327778196763408,0.8460372000760473,0.8196694055253058
0.9351340768005244,0.7950451620118388,0.8327778196763408,0.8460372000760473,0.8111496582091531,0.8325733703814497
0.7950451620118388,0.8327778196763408,0.8460372000760473,0.8111496582091531,0.9157065946251255,0.8204490340159776
0.8327778196763408,0.8460372000760473,0.8111496582091531,0.9157065946251255,0.8014239334002916,0.833551835423274
0.8460372000760473,0.8111496582091531,0.9157065946251255,0.8014239334002916,0.7794701371625772,0.8030102467672044
0.8111496582091531,0.9157065946251255,0.8014239334002916,0.7794701371625772,0.8604645580032828,0.8050489112616168
0.9157065946251255,0.8014239334002916,0.7794701371625772,0.8604645580032828,0.8933166792804269,0.8462761846008877
0.8014239334002916,0.7794701371625772,0.8604645580032828,0.8933166792804269,0.7970097372187898,0.8170569780985151
0.7794701371625772,0.8604645580032828,0.8933166792804269,0.7970097372187898,0.7889822488888085,0.7921071956719145
0.8604645580032828,0.8933166792804269,0.7970097372187898,0.7889822488888085,0.8533614632465885,0.8142354061009045
0.8933166792804269,0.7970097372187898,0.7889822488888085,0.8533614632465885,0.7964286446204234,0.8177246573415278
0.7970097372187898,0.7889822488888085,0.8533614632465885,0.7964286446204234,0.7997158875383813,0.7858882694523649
0.7889822488888085,0.8533614632465885,0.7964286446204234,0.7997158875383813,0.8093436713045816,0.7878198583135332
0.8533614632465885,0.7964286446204234,0.7997158875383813,0.8093436713045816,0.7838244435712268,0.7932728118275636
0.7964286446204234,0.7997158875383813,0.8093436713045816,0.7838244435712268,0.8264296768927046,0.7839244900876181
0.7997158875383813,0.8093436713045816,0.7838244435712268,0.8264296768927046,0.8502770424385366,0.8018303814792809
0.8093436713045816,0.7838244435712268,0.8264296768927046,0.8502770424385366,0.8213649765163533,0.807099466140152
0.7838244435712268,0.8264296768927046,0.8502770424385366,0.8213649765163533,0.6968106716017122,0.7712941653541757
0.8264296768927046,0.8502770424385366,0.8213649765163533,0.6968106716017122,0.770480104584579,0.7566317967973832
0.8502770424385366,0.8213649765163533,0.6968106716017122,0.770480104584579,0.7191308338513837,0.7563541691994629
0.8213649765163533,0.6968106716017122,0.770480104584579,0.7191308338513837,0.7286529744975174,0.7308180274842861
0.6968106716017122,0.770480104584579,0.7191308338513837,0.7286529744975174,0.744001585101854,0.7124712843720037
0.770480104584579,0.7191308338513837,0.7286529744975174,0.744001585101854,0.760509848426919,0.7326436764076482
0.7191308338513837,0.7286529744975174,0.744001585101854,0.760509848426919,0.7399566820038573,0.7249256334560337
0.7286529744975174,0.744001585101854,0.760509848426919,0.7399566820038573,0.7475448054902247,0.7256690984768053
0.744001585101854,0.760509848426919,0.7399566820038573,0.7475448054902247,0.7382655686225503,0.7287387359015913
0.760509848426919,0.7399566820038573,0.7475448054902247,0.7382655686225503,0.7886636373939566,0.7394576421284997
0.7399566820038573,0.7475448054902247,0.7382655686225503,0.7886636373939566,0.7942001536201581,0.7521726735659209
0.7475448054902247,0.7382655686225503,0.7886636373939566,0.7942001536201581,0.7187877908882496,0.7431954483192416
0.7382655686225503,0.7886636373939566,0.7942001536201581,0.7187877908882496,0.6946759670704152,0.7176034569906422
0.7886636373939566,0.7942001536201581,0.7187877908882496,0.6946759670704152,0.7127736987547314,0.7168745215307171
0.7942001536201581,0.7187877908882496,0.6946759670704152,0.7127736987547314,0.6805789335008678,0.7056644087206754
0.7187877908882496,0.6946759670704152,0.7127736987547314,0.6805789335008678,0.7316356067106516,0.690117815973728
0.6946759670704152,0.7127736987547314,0.6805789335008678,0.7316356067106516,0.6322917555569543,0.6769243631306628
0.7127736987547314,0.6805789335008678,0.7316356067106516,0.6322917555569543,0.6791086825504646,0.6620337776290033
0.6805789335008678,0.7316356067106516,0.6322917555569543,0.6791086825504646,0.6918418220721125,0.6671029396077764
0.7316356067106516,0.6322917555569543,0.6791086825504646,0.6918418220721125,0.6853670552319253,0.6754093205137455
0.6322917555569543,0.6791086825504646,0.6918418220721125,0.6853670552319253,0.6963013032979395,0.6608241000117969
0.6791086825504646,0.6918418220721125,0.6853670552319253,0.6963013032979395,0.6475305591805084,0.6639943071251291
0.6918418220721125,0.6853670552319253,0.6963013032979395,0.6475305591805084,0.7030929488773124,0.6643180331218957
0.6853670552319253,0.6963013032979395,0.6475305591805084,0.7030929488773124,0.6323828158656457,0.6602319047085394
0.6963013032979395,0.6475305591805084,0.7030929488773124,0.6323828158656457,0.6533706009532855,0.6458180965956246
0.6475305591805084,0.7030929488773124,0.6323828158656457,0.6533706009532855,0.6424097897306608,0.6373942152821337
0.7030929488773124,0.6323828158656457,0.6533706009532855,0.6424097897306608,0.6719791466114348,0.6474158256516698
0.6323828158656457,0.6533706009532855,0.6424097897306608,0.6719791466114348,0.6736756881035808,0.6429811509363716
0.6533706009532855,0.6424097897306608,0.6719791466114348,0.6736756881035808,0.7340857358846955,0.6640109015865118
0.6424097897306608,0.6719791466114348,0.6736756881035808,0.7340857358846955,0.6091474961478835,0.6559488034986378
0.6719791466114348,0.6736756881035808,0.7340857358846955,0.6091474961478835,0.6770050247521057,0.644848442079522
0.6736756881035808,0.7340857358846955,0.6091474961478835,0.6770050247521057,0.6332107566193026,0.6492132951448167
0.7340857358846955,0.6091474961478835,0.6770050247521057,0.6332107566193026,0.5765917792345445,0.6296737226248925
0.6091474961478835,0.6770050247521057,0.6332107566193026,0.5765917792345445,0.641597946503197,0.601588462441049
0.6770050247521057,0.6332107566193026,0.5765917792345445,0.641597946503197,0.5239726107817073,0.5991465249514332
0.6332107566193026,0.5765917792345445,0.641597946503197,0.5239726107817073,0.6014177842040863,0.5709371738109965
0.5765917792345445,0.641597946503197,0.5239726107817073,0.6014177842040863,0.543439178744406,0.5638584897268941
0.641597946503197,0.5239726107817073,0.6014177842040863,0.543439178744406,0.5113824769591131,0.5482414476355805
0.5239726107817073,0.6014177842040863,0.543439178744406,0.5113824769591131,0.6321884371506429,0.5417138536665054
0.6014177842040863,0.543439178744406,0.5113824769591131,0.6321884371506429,0.6090863290377088,0.5820097017845444
0.543439178744406,0.5113824769591131,0.6321884371506429,0.6090863290377088,0.6055164406190335,0.5716106282164395
0.5113824769591131,0.6321884371506429,0.6090863290377088,0.6055164406190335,0.623795683321049,0.57806151080923
0.6321884371506429,0.6090863290377088,0.6055164406190335,0.623795683321049,0.6350809859865565,0.6097311378424963
0.6090863290377088,0.6055164406190335,0.623795683321049,0.6350809859865565,0.5213266511705964,0.58417322963137
0.6055164406190335,0.623795683321049,0.6350809859865565,0.5213266511705964,0.5892870841644627,0.5656767239025489
0.623795683321049,0.6350809859865565,0.5213266511705964,0.5892870841644627,0.5859154148687182,0.5788460485114032
0.6350809859865565,0.5213266511705964,0.5892870841644627,0.5859154148687182,0.6280382638533198,0.5853077212648308
0.5213266511705964,0.5892870841644627,0.5859154148687182,0.6280382638533198,0.4914972602865469,0.5500585078269291
0.5892870841644627,0.5859154148687182,0.6280382638533198,0.4914972602865469,0.5214219824847658,0.5322814420723321
0.5859154148687182,0.6280382638533198,0.4914972602865469,0.5214219824847658,0.5253908145506372,0.5309657682334966
0.6280382638533198,0.4914972602865469,0.5214219824847658,0.5253908145506372,0.4491459421725285,0.5127184429555168
0.4914972602865469,0.5214219824847658,0.5253908145506372,0.4491459421725285,0.5248143504518695,0.47963556052277534
0.5214219824847658,0.5253908145506372,0.4491459421725285,0.5248143504518695,0.5161710445139464,0.500096474384606
0.5253908145506372,0.4491459421725285,0.5248143504518695,0.5161710445139464,0.4583268931276122,0.48546519894686024
0.4491459421725285,0.5248143504518695,0.5161710445139464,0.4583268931276122,0.47810854268724934,0.46209722980510937
0.5248143504518695,0.5161710445139464,0.4583268931276122,0.47810854268724934,0.5556944848162566,0.49491518152223757
0.5161710445139464,0.4583268931276122,0.47810854268724934,0.5556944848162566,0.4913953127084196,0.4993040220236736
0.4583268931276122,0.47810854268724934,0.5556944848162566,0.4913953127084196,0.47951288162479305,0.4744861570042255
0.47810854268724934,0.5556944848162566,0.4913953127084196,0.47951288162479305,0.44606001864067363,0.4683548508197459
0.5556944848162566,0.4913953127084196,0.47951288162479305,0.44606001864067363,0.44901512297361734,0.46681306240542686
0.4913953127084196,0.47951288162479305,0.44606001864067363,0.44901512297361734,0.4702157116938732,0.4535627805541258
0.47951288162479305,0.44606001864067363,0.44901512297361734,0.4702157116938732,0.48498417845016306,0.4578775820201555
0.44606001864067363,0.44901512297361734,0.4702157116938732,0.48498417845016306,0.4574269925568388,0.4518432353339907
0.44901512297361734,0.4702157116938732,0.48498417845016306,0.4574269925568388,0.3695254487937867,0.42762846887794115
0.4702157116938732,0.48498417845016306,0.4574269925568388,0.3695254487937867,0.36213225153174466,0.40081157597529454
0.48498417845016306,0.4574269925568388,0.3695254487937867,0.36213225153174466,0.32709041931266725,0.38064543532775424
0.4574269925568388,0.3695254487937867,0.36213225153174466,0.32709041931266725,0.494541798039779,0.391235887287842
0.3695254487937867,0.36213225153174466,0.32709041931266725,0.494541798039779,0.46473033162144683,0.41427667061922524
0.36213225153174466,0.32709041931266725,0.494541798039779,0.46473033162144683,0.3822469276901203,0.399734148413919
0.32709041931266725,0.494541798039779,0.46473033162144683,0.3822469276901203,0.3289361910543519,0.3682270441494675
0.494541798039779,0.46473033162144683,0.3822469276901203,0.3289361910543519,0.47469221422112257,0.407900309412654
0.46473033162144683,0.3822469276901203,0.3289361910543519,0.47469221422112257,0.4562129123771976,0.42896019514255135
0.3822469276901203,0.3289361910543519,0.47469221422112257,0.4562129123771976,0.41844909306252814,0.40752333153183806
0.3289361910543519,0.47469221422112257,0.4562129123771976,0.41844909306252814,0.4244379739583457,0.39883999350342336
0.47469221422112257,0.4562129123771976,0.41844909306252814,0.4244379739583457,0.39729737188578823,0.41981675027492615
0.4562129123771976,0.41844909306252814,0.4244379739583457,0.39729737188578823,0.4237319525902963,0.4097527188492845
0.41844909306252814,0.4244379739583457,0.39729737188578823,0.4237319525902963,0.3714290808449458,0.3956919416698926
0.4244379739583457,0.39729737188578823,0.4237319525902963,0.3714290808449458,0.30680957011284604,0.36562840807080776
0.39729737188578823,0.4237319525902963,0.3714290808449458,0.30680957011284604,0.37433862190764156,0.35128190024173717
0.4237319525902963,0.3714290808449458,0.30680957011284604,0.37433862190764156,0.3769527548637213,0.3662079492418786
0.3714290808449458,0.30680957011284604,0.37433862190764156,0.3769527548637213,0.35736869927427767,0.35203211175099125
0.30680957011284604,0.37433862190764156,0.3769527548637213,0.35736869927427767,0.38096358962738225,0.34471595909617847
0.37433862190764156,0.3769527548637213,0.35736869927427767,0.38096358962738225,0.37671777725314376,0.36396507498485287
0.3769527548637213,0.35736869927427767,0.38096358962738225,0.37671777725314376,0.2575159021050723,0.3366395391547013
0.35736869927427767,0.38096358962738225,0.37671777725314376,0.2575159021050723,0.3202440648831772,0.31053838172880954
0.38096358962738225,0.37671777725314376,0.2575159021050723,0.3202440648831772,0.4299970904751549,0.3466221751382708
0.37671777725314376,0.2575159021050723,0.3202440648831772,0.4299970904751549,0.4150021472751853,0.371786517611034
0.2575159021050723,0.3202440648831772,0.4299970904751549,0.4150021472751853,0.29666197432212327,0.33357251097641
0.3202440648831772,0.4299970904751549,0.4150021472751853,0.29666197432212327,0.30448232539419323,0.3211211977533986
0.4299970904751549,0.4150021472751853,0.29666197432212327,0.30448232539419323,0.2973250244772886,0.3306007276058655
0.4150021472751853,0.29666197432212327,0.30448232539419323,0.2973250244772886,0.29519802295404496,0.3127236571424336
0.29666197432212327,0.30448232539419323,0.2973250244772886,0.29519802295404496,0.3340267073751065,0.29529077651237134
0.30448232539419323,0.2973250244772886,0.29519802295404496,0.3340267073751065,0.27677241669493274,0.2953832068572147
0.2973250244772886,0.29519802295404496,0.3340267073751065,0.27677241669493274,0.3328232643415598,0.2924540412990277
0.29519802295404496,0.3340267073751065,0.27677241669493274,0.3328232643415598,0.24204184682866464,0.28693396829399315
0.3340267073751065,0.27677241669493274,0.3328232643415598,0.24204184682866464,0.2512177486849192,0.26858064331272385
0.27677241669493274,0.3328232643415598,0.24204184682866464,0.2512177486849192,0.28482132600492915,0.262432562637313
0.3328232643415598,0.24204184682866464,0.2512177486849192,0.28482132600492915,0.30346595811251953,0.28083908100398175
0.24204184682866464,0.2512177486849192,0.28482132600492915,0.30346595811251953,0.15532334205753973,0.2382949847083482
0.2512177486849192,0.28482132600492915,0.30346595811251953,0.15532334205753973,0.2612474035389717,0.22266875324656218
0.28482132600492915,0.30346595811251953,0.15532334205753973,0.2612474035389717,0.1933000172850276,0.23348618323111892
0.30346595811251953,0.15532334205753973,0.2612474035389717,0.1933000172850276,0.2148886590037496,0.21681618206889366
0.15532334205753973,0.2612474035389717,0.1933000172850276,0.2148886590037496,0.2721543237410994,0.20834405908440928
0.2612474035389717,0.1933000172850276,0.2148886590037496,0.2721543237410994,0.20003977821742042,0.22835548555676521
0.1933000172850276,0.2148886590037496,0.2721543237410994,0.20003977821742042,0.20529006616433826,0.20061601151137107
0.2148886590037496,0.2721543237410994,0.20003977821742042,0.20529006616433826,0.31619333161858776,0.23012397053096859
0.2721543237410994,0.20003977821742042,0.20529006616433826,0.31619333161858776,0.21057694349536504,0.24685100781362967
0.20003977821742042,0.20529006616433826,0.31619333161858776,0.21057694349536504,0.24611602902619067,0.21874080753726516
0.20529006616433826,0.31619333161858776,0.21057694349536504,0.24611602902619067,0.1566259029266453,0.21077367497513505
0.31619333161858776,0.21057694349536504,0.24611602902619067,0.1566259029266453,0.15382092353117016,0.19814954572378296
0.21057694349536504,0.24611602902619067,0.1566259029266453,0.15382092353117016,0.19585538861486607,0.17755312726890984
0.24611602902619067,0.1566259029266453,0.15382092353117016,0.19585538861486607,0.07468097603963708,0.16118109724331836
0.1566259029266453,0.15382092353117016,0.19585538861486607,0.07468097603963708,0.10214079216991342,0.11374453824470504
0.15382092353117016,0.19585538861486607,0.07468097603963708,0.10214079216991342,0.1118627182998225,0.11481841913667667
0.19585538861486607,0.07468097603963708,0.10214079216991342,0.1118627182998225,0.1860156023155137,0.13398543435012653
0.07468097603963708,0.10214079216991342,0.1118627182998225,0.1860156023155137,0.04362549150809776,0.10319577630403107
0.10214079216991342,0.1118627182998225,0.1860156023155137,0.04362549150809776,0.15023845234328187,0.09730092891426798
0.1118627182998225,0.1860156023155137,0.04362549150809776,0.15023845234328187,0.010226354443557961,0.09341377800555994
0.1860156023155137,0.04362549150809776,0.15023845234328187,0.010226354443557961,0.08053681010913438,0.07745051542286488
0.04362549150809776,0.15023845234328187,0.010226354443557961,0.08053681010913438,0.0926946285738848,0.0674037356301983
0.15023845234328187,0.010226354443557961,0.08053681010913438,0.0926946285738848,0.15263248520831948,0.10096301970947771
0.010226354443557961,0.08053681010913438,0.0926946285738848,0.15263248520831948,0.1768969009383644,0.10435274910618744
0.08053681010913438,0.0926946285738848,0.15263248520831948,0.1768969009383644,0.05730801989083747,0.10829903610380773
0.0926946285738848,0.15263248520831948,0.1768969009383644,0.05730801989083747,0.1222602247589146,0.09662473233654445
0.15263248520831948,0.1768969009383644,0.05730801989083747,0.1222602247589146,0.011579544228076707,0.0941628259235745
0.1768969009383644,0.05730801989083747,0.1222602247589146,0.011579544228076707,0.10068503119124304,0.07876916288665026
0.05730801989083747,0.1222602247589146,0.011579544228076707,0.10068503119124304,0.05190472635780403,0.06468040430137331
0.1222602247589146,0.011579544228076707,0.10068503119124304,0.05190472635780403,0.07731190201489914,0.06715379250387377
0.011579544228076707,0.10068503119124304,0.05190472635780403,0.07731190201489914,-0.0032355810086713704,0.037038420482037815
0.10068503119124304,0.05190472635780403,0.07731190201489914,-0.0032355810086713704,-0.008830562072810785,0.02689211271658587
0.05190472635780403,0.07731190201489914,-0.0032355810086713704,-0.008830562072810785,-0.04627235956073899,-4.489821235607039E-4
0.07731190201489914,-0.0032355810086713704,-0.008830562072810785,-0.04627235956073899,0.01945456795527446,-0.0013108946227471385
-0.0032355810086713704,-0.008830562072810785,-0.04627235956073899,0.01945456795527446,0.10364292510915067,0.016585275083776163
-0.008830562072810785,-0.04627235956073899,0.01945456795527446,0.10364292510915067,0.024151049822752603,0.027744924565266726
-0.04627235956073899,0.01945456795527446,0.10364292510915067,0.024151049822752603,0.02128449201570929,0.010230816199375936
0.01945456795527446,0.10364292510915067,0.024151049822752603,0.02128449201570929,0.03319869583272053,0.026226059019536174
0.10364292510915067,0.024151049822752603,0.02128449201570929,0.03319869583272053,0.017542669551495537,0.035808132835272344
0.024151049822752603,0.02128449201570929,0.03319869583272053,0.017542669551495537,0.029757198714517315,0.017422359313122526
0.02128449201570929,0.03319869583272053,0.017542669551495537,0.029757198714517315,-0.005985072364619223,0.012076950399064479
0.03319869583272053,0.017542669551495537,0.029757198714517315,-0.005985072364619223,0.013432353069769013,0.007331618931780026
0.017542669551495537,0.029757198714517315,-0.005985072364619223,0.013432353069769013,0.02033156693913858,0.008962818039277787
0.029757198714517315,-0.005985072364619223,0.013432353069769013,0.02033156693913858,-2.2912156080407559E-4,0.007508628940250783
-0.005985072364619223,0.013432353069769013,0.02033156693913858,-2.2912156080407559E-4,-0.05534827926429413,-0.016472599021306378
0.013432353069769013,0.02033156693913858,-2.2912156080407559E-4,-0.05534827926429413,-0.1715753616582261,-0.057980550152944565
0.02033156693913858,-2.2912156080407559E-4,-0.05534827926429413,-0.1715753616582261,-0.0494833225731897,-0.07446671257296433
-2.2912156080407559E-4,-0.05534827926429413,-0.1715753616582261,-0.0494833225731897,-0.01761676600715633,-0.05177938434544799
-0.05534827926429413,-0.1715753616582261,-0.0494833225731897,-0.01761676600715633,-0.08497047663891083,-0.06738078579311207
-0.1715753616582261,-0.0494833225731897,-0.01761676600715633,-0.08497047663891083,-0.025265517539517654,-0.08373084753692434
-0.0494833225731897,-0.01761676600715633,-0.08497047663891083,-0.025265517539517654,-0.03410929157360919,-0.04446230989836131
-0.01761676600715633,-0.08497047663891083,-0.025265517539517654,-0.03410929157360919,-0.06552466333112378,-0.047975551372648084
-0.08497047663891083,-0.025265517539517654,-0.03410929157360919,-0.06552466333112378,-0.0010408246214040073,-0.05252468481271644
-0.025265517539517654,-0.03410929157360919,-0.06552466333112378,-0.0010408246214040073,-0.09340907756715706,-0.044504403326084185
-0.03410929157360919,-0.06552466333112378,-0.0010408246214040073,-0.09340907756715706,-0.07811116265576884,-0.06854168285092677
-0.06552466333112378,-0.0010408246214040073,-0.09340907756715706,-0.07811116265576884,-0.0710806427339351,-0.07245521714745473
-0.0010408246214040073,-0.09340907756715706,-0.07811116265576884,-0.0710806427339351,-0.17608052193906745,-0.08833832185626517
-0.09340907756715706,-0.07811116265576884,-0.0710806427339351,-0.17608052193906745,-0.13946583704929968,-0.13118547773293726
-0.07811116265576884,-0.0710806427339351,-0.17608052193906745,-0.13946583704929968,-0.06177979476037985,-0.10972009402153804
-0.0710806427339351,-0.17608052193906745,-0.13946583704929968,-0.06177979476037985,-0.06515439804427281,-0.09120185710114892
-0.17608052193906745,-0.13946583704929968,-0.06177979476037985,-0.06515439804427281,-0.1570298868418859,-0.12307904664012315
-0.13946583704929968,-0.06177979476037985,-0.06515439804427281,-0.1570298868418859,-0.17102535094290883,-0.13979161483236419
-0.06177979476037985,-0.06515439804427281,-0.1570298868418859,-0.17102535094290883,-0.07748066360824946,-0.11705217203976531
-0.06515439804427281,-0.1570298868418859,-0.17102535094290883,-0.07748066360824946,-0.17966215929432114,-0.1225577707515596
-0.1570298868418859,-0.17102535094290883,-0.07748066360824946,-0.17966215929432114,-0.17352297962711488,-0.16459106002403978
-0.17102535094290883,-0.07748066360824946,-0.17966215929432114,-0.17352297962711488,-0.13319720394624407,-0.15808562033207912
-0.07748066360824946,-0.17966215929432114,-0.17352297962711488,-0.13319720394624407,-0.23126096211640296,-0.15753908319086202
-0.17966215929432114,-0.17352297962711488,-0.13319720394624407,-0.23126096211640296,-0.23240273051977817,-0.20605663453600437
-0.17352297962711488,-0.13319720394624407,-0.23126096211640296,-0.23240273051977817,-0.2414956398995277,-0.21403247775717932
-0.13319720394624407,-0.23126096211640296,-0.23240273051977817,-0.2414956398995277,-0.1788786180245325,-0.20466873303573013
-0.23126096211640296,-0.23240273051977817,-0.2414956398995277,-0.1788786180245325,-0.22945855119001962,-0.21849862184928798
-0.23240273051977817,-0.2414956398995277,-0.1788786180245325,-0.22945855119001962,-0.21519528950109662,-0.2255247016457787
-0.2414956398995277,-0.1788786180245325,-0.22945855119001962,-0.21519528950109662,-0.1744777914881641,-0.21269731003438047
-0.1788786180245325,-0.22945855119001962,-0.21519528950109662,-0.1744777914881641,-0.26830441754519047,-0.21126579103288606
-0.22945855119001962,-0.21519528950109662,-0.1744777914881641,-0.26830441754519047,-0.21569127387678289,-0.2341093565229609
-0.21519528950109662,-0.1744777914881641,-0.26830441754519047,-0.21569127387678289,-0.2045891555196427,-0.21798349454688365
-0.1744777914881641,-0.26830441754519047,-0.21569127387678289,-0.2045891555196427,-0.27860901825791407,-0.2265468764292044
-0.26830441754519047,-0.21569127387678289,-0.2045891555196427,-0.27860901825791407,-0.2840723632261013,-0.2648713264070682
-0.21569127387678289,-0.2045891555196427,-0.27860901825791407,-0.2840723632261013,-0.27797599896806535,-0.2611177343818782
-0.2045891555196427,-0.27860901825791407,-0.2840723632261013,-0.27797599896806535,-0.3578336347910872,-0.28352953886262405
-0.27860901825791407,-0.2840723632261013,-0.27797599896806535,-0.3578336347910872,-0.25794904437546246,-0.3022999704553799
-0.2840723632261013,-0.27797599896806535,-0.3578336347910872,-0.25794904437546246,-0.334868533649249,-0.29745590950103756
-0.27797599896806535,-0.3578336347910872,-0.25794904437546246,-0.334868533649249,-0.22007467045396256,-0.2918450206610806
-0.3578336347910872,-0.25794904437546246,-0.334868533649249,-0.22007467045396256,-0.207355235022369,-0.26748960955401496
-0.25794904437546246,-0.334868533649249,-0.22007467045396256,-0.207355235022369,-0.2283866474607073,-0.24174320870328275
-0.334868533649249,-0.22007467045396256,-0.207355235022369,-0.2283866474607073,-0.3515259212414223,-0.2793202408631748
-0.22007467045396256,-0.207355235022369,-0.2283866474607073,-0.3515259212414223,-0.21093574659631284,-0.2629800441494668
-0.207355235022369,-0.2283866474607073,-0.3515259212414223,-0.21093574659631284,-0.3400042284638549,-0.2608961476542448
-0.2283866474607073,-0.3515259212414223,-0.21093574659631284,-0.3400042284638549,-0.2853900556595935,-0.2915629256973506
-0.3515259212414223,-0.21093574659631284,-0.3400042284638549,-0.2853900556595935,-0.21844213464862788,-0.28509543508925855
-0.21093574659631284,-0.3400042284638549,-0.2853900556595935,-0.21844213464862788,-0.3533205037572313,-0.2715674663639936
-0.3400042284638549,-0.2853900556595935,-0.21844213464862788,-0.3533205037572313,-0.3496646296203424,-0.3283399447185616
-0.2853900556595935,-0.21844213464862788,-0.3533205037572313,-0.3496646296203424,-0.40643158350643843,-0.33647661750932706
-0.21844213464862788,-0.3533205037572313,-0.3496646296203424,-0.40643158350643843,-0.3644196976825707,-0.344731268029748
-0.3533205037572313,-0.3496646296203424,-0.40643158350643843,-0.3644196976825707,-0.3166580493366882,-0.35569118195642696
-0.3496646296203424,-0.40643158350643843,-0.3644196976825707,-0.3166580493366882,-0.44774936804950033,-0.3707335061706894
-0.40643158350643843,-0.3644196976825707,-0.3166580493366882,-0.44774936804950033,-0.3391106177031838,-0.3903137674443709
-0.3644196976825707,-0.3166580493366882,-0.44774936804950033,-0.3391106177031838,-0.2962574735970383,-0.34651216638282584
-0.3166580493366882,-0.44774936804950033,-0.3391106177031838,-0.2962574735970383,-0.28342938376404986,-0.3212277515543947
-0.44774936804950033,-0.3391106177031838,-0.2962574735970383,-0.28342938376404986,-0.28256093375115215,-0.3286840540128146
-0.3391106177031838,-0.2962574735970383,-0.28342938376404986,-0.28256093375115215,-0.43854231533037125,-0.3342991073917268
-0.2962574735970383,-0.28342938376404986,-0.28256093375115215,-0.43854231533037125,-0.4222692518036624,-0.3698162640250037
-0.28342938376404986,-0.28256093375115215,-0.43854231533037125,-0.4222692518036624,-0.31065605846547195,-0.3541778815774605
-0.28256093375115215,-0.43854231533037125,-0.4222692518036624,-0.31065605846547195,-0.4259069371483706,-0.3593947609718641
-0.43854231533037125,-0.4222692518036624,-0.31065605846547195,-0.4259069371483706,-0.4077613267189871,-0.4114292433801722
-0.4222692518036624,-0.31065605846547195,-0.4259069371483706,-0.4077613267189871,-0.36125293282079024,-0.3926682613069586
-0.31065605846547195,-0.4259069371483706,-0.4077613267189871,-0.36125293282079024,-0.28740834340268573,-0.3471553740430033
-0.4259069371483706,-0.4077613267189871,-0.36125293282079024,-0.28740834340268573,-0.4181383707205322,-0.37090581317771115
-0.4077613267189871,-0.36125293282079024,-0.28740834340268573,-0.4181383707205322,-0.42756289391824503,-0.3975520030121607
-0.36125293282079024,-0.28740834340268573,-0.4181383707205322,-0.42756289391824503,-0.3719331180041819,-0.3848450757959972
-0.28740834340268573,-0.4181383707205322,-0.42756289391824503,-0.3719331180041819,-0.4598248588321562,-0.3861998299399007
-0.4181383707205322,-0.42756289391824503,-0.3719331180041819,-0.4598248588321562,-0.45670249947024516,-0.43659291860491395
-0.42756289391824503,-0.3719331180041819,-0.4598248588321562,-0.45670249947024516,-0.32041909273703423,-0.4106844082658307
-0.3719331180041819,-0.4598248588321562,-0.45670249947024516,-0.32041909273703423,-0.4323017521811245,-0.3895486580944623
-0.4598248588321562,-0.45670249947024516,-0.32041909273703423,-0.4323017521811245,-0.4968574999582478,-0.44317988212293496
-0.45670249947024516,-0.32041909273703423,-0.4323017521811245,-0.4968574999582478,-0.47538656180607813,-0.4564143369444053
-0.32041909273703423,-0.4323017521811245,-0.4968574999582478,-0.47538656180607813,-0.4932739905263437,-0.4435487958091869
-0.4323017521811245,-0.4968574999582478,-0.47538656180607813,-0.4932739905263437,-0.4458485077299783,-0.4672014304557007
-0.4968574999582478,-0.47538656180607813,-0.4932739905263437,-0.4458485077299783,-0.46475178718329935,-0.4700100849594863
-0.47538656180607813,-0.4932739905263437,-0.4458485077299783,-0.46475178718329935,-0.5471495049932313,-0.48666976372450493
-0.4932739905263437,-0.4458485077299783,-0.46475178718329935,-0.5471495049932313,-0.45758351575628153,-0.4936152054769027
-0.4458485077299783,-0.46475178718329935,-0.5471495049932313,-0.45758351575628153,-0.5317514548265746,-0.4829895663269364
-0.46475178718329935,-0.5471495049932313,-0.45758351575628153,-0.5317514548265746,-0.4184070942848701,-0.4836905809448056
-0.5471495049932313,-0.45758351575628153,-0.5317514548265746,-0.4184070942848701,-0.4167495085674687,-0.4636629234678887
-0.45758351575628153,-0.5317514548265746,-0.4184070942848701,-0.4167495085674687,-0.48591517463259637,-0.4545137998891528
-0.5317514548265746,-0.4184070942848701,-0.4167495085674687,-0.48591517463259637,-0.48700378112638765,-0.4805706916212566
-0.4184070942848701,-0.4167495085674687,-0.48591517463259637,-0.48700378112638765,-0.511767612728021,-0.4697563423812318
-0.4167495085674687,-0.48591517463259637,-0.48700378112638765,-0.511767612728021,-0.5485536534725217,-0.49327680747987396
-0.48591517463259637,-0.48700378112638765,-0.511767612728021,-0.5485536534725217,-0.5522973744324768,-0.5238312248480186
-0.48700378112638765,-0.511767612728021,-0.5485536534725217,-0.5522973744324768,-0.5594882159931815,-0.5337769317704046
-0.511767612728021,-0.5485536534725217,-0.5522973744324768,-0.5594882159931815,-0.5524215271119264,-0.5442233246804331
-0.5485536534725217,-0.5522973744324768,-0.5594882159931815,-0.5524215271119264,-0.5988339533457517,-0.5617047271810114
-0.5522973744324768,-0.5594882159931815,-0.5524215271119264,-0.5988339533457517,-0.6040414733764169,-0.5785361240409852
-0.5594882159931815,-0.5524215271119264,-0.5988339533457517,-0.6040414733764169,-0.5779999233277792,-0.5803823264794459
-0.5524215271119264,-0.5988339533457517,-0.6040414733764169,-0.5779999233277792,-0.590159146604897,-0.578871799044204
-0.5988339533457517,-0.6040414733764169,-0.5779999233277792,-0.590159146604897,-0.5772874509588424,-0.5874658424622403
-0.6040414733764169,-0.5779999233277792,-0.590159146604897,-0.5772874509588424,-0.5562310973421734,-0.578263284970929
-0.5779999233277792,-0.590159146604897,-0.5772874509588424,-0.5562310973421734,-0.4866752328956892,-0.5498951392495208
-0.590159146604897,-0.5772874509588424,-0.5562310973421734,-0.4866752328956892,-0.5152555000117001,-0.5329492015083077
-0.5772874509588424,-0.5562310973421734,-0.4866752328956892,-0.5152555000117001,-0.5370970979374077,-0.5340667884861348
-0.5562310973421734,-0.4866752328956892,-0.5152555000117001,-0.5370970979374077,-0.6012992320954098,-0.5468890927336911
-0.4866752328956892,-0.5152555000117001,-0.5370970979374077,-0.6012992320954098,-0.5690467815139969,-0.5506456325915894
-0.5152555000117001,-0.5370970979374077,-0.6012992320954098,-0.5690467815139969,-0.48633022569039464,-0.5373737719144089
-0.5370970979374077,-0.6012992320954098,-0.5690467815139969,-0.48633022569039464,-0.5931273837970967,-0.5431247635727279
-0.6012992320954098,-0.5690467815139969,-0.48633022569039464,-0.5931273837970967,-0.5508950818293591,-0.5686925255223745
-0.5690467815139969,-0.48633022569039464,-0.5931273837970967,-0.5508950818293591,-0.6277870674017058,-0.5689774341892859
-0.48633022569039464,-0.5931273837970967,-0.5508950818293591,-0.6277870674017058,-0.510860425818647,-0.5557869514502476
-0.5931273837970967,-0.5508950818293591,-0.6277870674017058,-0.510860425818647,-0.6496481230280535,-0.5772550866793498
-0.5508950818293591,-0.6277870674017058,-0.510860425818647,-0.6496481230280535,-0.6212183747148791,-0.6010260626854311
-0.6277870674017058,-0.510860425818647,-0.6496481230280535,-0.6212183747148791,-0.6616039351053385,-0.621019655629339
-0.510860425818647,-0.6496481230280535,-0.6212183747148791,-0.6616039351053385,-0.535434745561912,-0.5916520078818839
-0.6496481230280535,-0.6212183747148791,-0.6616039351053385,-0.535434745561912,-0.6962720451291611,-0.6194104965453369
-0.6212183747148791,-0.6616039351053385,-0.535434745561912,-0.6962720451291611,-0.618345767963753,-0.6369819733347595
-0.6616039351053385,-0.535434745561912,-0.6962720451291611,-0.618345767963753,-0.5947808469252261,-0.6201940044813314
-0.535434745561912,-0.6962720451291611,-0.618345767963753,-0.5947808469252261,-0.6723256063967884,-0.6113989943154505
-0.6962720451291611,-0.618345767963753,-0.5947808469252261,-0.6723256063967884,-0.5776796809108957,-0.6384261938403026
-0.618345767963753,-0.5947808469252261,-0.6723256063967884,-0.5776796809108957,-0.7038825178722691,-0.6262805499317701
-0.5947808469252261,-0.6723256063967884,-0.5776796809108957,-0.7038825178722691,-0.6483070916343113,-0.6465016613472403
-0.6723256063967884,-0.5776796809108957,-0.7038825178722691,-0.6483070916343113,-0.5766985236961286,-0.6334211475779958
-0.5776796809108957,-0.7038825178722691,-0.6483070916343113,-0.5766985236961286,-0.7046822287488056,-0.6263552356989854
-0.7038825178722691,-0.6483070916343113,-0.5766985236961286,-0.7046822287488056,-0.7533355272904428,-0.691562802964524
-0.6483070916343113,-0.5766985236961286,-0.7046822287488056,-0.7533355272904428,-0.6554148104229938,-0.6797674373410145
-0.5766985236961286,-0.7046822287488056,-0.7533355272904428,-0.6554148104229938,-0.76244897944437,-0.676601923202891
-0.7046822287488056,-0.7533355272904428,-0.6554148104229938,-0.76244897944437,-0.6829216641980174,-0.7145409904195155
-0.7533355272904428,-0.6554148104229938,-0.76244897944437,-0.6829216641980174,-0.7838597835542319,-0.7242451455096544
-0.6554148104229938,-0.76244897944437,-0.6829216641980174,-0.7838597835542319,-0.699746002881004,-0.7186942006224541
-0.76244897944437,-0.6829216641980174,-0.7838597835542319,-0.699746002881004,-0.7066362334141723,-0.719450648185465
-0.6829216641980174,-0.7838597835542319,-0.699746002881004,-0.7066362334141723,-0.7179940731519363,-0.7082876730574454
-0.7838597835542319,-0.699746002881004,-0.7066362334141723,-0.7179940731519363,-0.6627233569955124,-0.7129213958575606
-0.699746002881004,-0.7066362334141723,-0.7179940731519363,-0.6627233569955124,-0.7592676905004583,-0.7010165954985854
-0.7066362334141723,-0.7179940731519363,-0.6627233569955124,-0.7592676905004583,-0.6979228121906568,-0.7143857438746131
-0.7179940731519363,-0.6627233569955124,-0.7592676905004583,-0.6979228121906568,-0.8245123071226108,-0.7310756203550741
-0.6627233569955124,-0.7592676905004583,-0.6979228121906568,-0.8245123071226108,-0.8388336773477159,-0.7663165677703965
-0.7592676905004583,-0.6979228121906568,-0.8245123071226108,-0.8388336773477159,-0.7972486013080442,-0.7902041124719836
-0.6979228121906568,-0.8245123071226108,-0.8388336773477159,-0.7972486013080442,-0.7016316618112007,-0.7571279048033255
-0.8245123071226108,-0.8388336773477159,-0.7972486013080442,-0.7016316618112007,-0.7544785020429846,-0.7626983518588719
-0.8388336773477159,-0.7972486013080442,-0.7016316618112007,-0.7544785020429846,-0.7431560587541253,-0.7647382762783301
-0.7972486013080442,-0.7016316618112007,-0.7544785020429846,-0.7431560587541253,-0.8041749221429492,-0.7617359365536271
-0.7016316618112007,-0.7544785020429846,-0.7431560587541253,-0.8041749221429492,-0.710446581771762,-0.743668450626348
-0.7544785020429846,-0.7431560587541253,-0.8041749221429492,-0.710446581771762,-0.7706349551809764,-0.7445268861317031
-0.7431560587541253,-0.8041749221429492,-0.710446581771762,-0.7706349551809764,-0.6547168959098241,-0.730843282161663
-0.8041749221429492,-0.710446581771762,-0.7706349551809764,-0.6547168959098241,-0.8076207052810631,-0.7384813411809548
-0.710446581771762,-0.7706349551809764,-0.6547168959098241,-0.8076207052810631,-0.7790737723154664,-0.7539201002757878
-0.7706349551809764,-0.6547168959098241,-0.8076207052810631,-0.7790737723154664,-0.8232937876786965,-0.7728567418714367
-0.6547168959098241,-0.8076207052810631,-0.7790737723154664,-0.8232937876786965,-0.7832498945833262,-0.7660374126576994
-0.8076207052810631,-0.7790737723154664,-0.8232937876786965,-0.7832498945833262,-0.7804164581721302,-0.7876336322503517
-0.7790737723154664,-0.8232937876786965,-0.7832498945833262,-0.7804164581721302,-0.7922366889329815,-0.7834220770057545
-0.8232937876786965,-0.7832498945833262,-0.7804164581721302,-0.7922366889329815,-0.7881820564491522,-0.7912178733131823
-0.7832498945833262,-0.7804164581721302,-0.7922366889329815,-0.7881820564491522,-0.8352712722153471,-0.793012797373174
-0.7804164581721302,-0.7922366889329815,-0.7881820564491522,-0.8352712722153471,-0.888243145222142,-0.8203476545113428
-0.7922366889329815,-0.7881820564491522,-0.8352712722153471,-0.888243145222142,-0.8058982467624317,-0.8260912005372694
-0.7881820564491522,-0.8352712722153471,-0.888243145222142,-0.8058982467624317,-0.851927031082331,-0.8204343896935018
-0.8352712722153471,-0.888243145222142,-0.8058982467624317,-0.851927031082331,-0.8096757335402255,-0.8320493310405099
-0.888243145222142,-0.8058982467624317,-0.851927031082331,-0.8096757335402255,-0.780404420853078,-0.8197087674125714
-0.8058982467624317,-0.851927031082331,-0.8096757335402255,-0.780404420853078,-0.8005116608016815,-0.7972125769081626
-0.851927031082331,-0.8096757335402255,-0.780404420853078,-0.8005116608016815,-0.8346187223559298,-0.8134757135268242
-0.8096757335402255,-0.780404420853078,-0.8005116608016815,-0.8346187223559298,-0.9100278617002227,-0.8315618274970138
-0.780404420853078,-0.8005116608016815,-0.8346187223559298,-0.9100278617002227,-0.8622558978124257,-0.8445856777927472
-0.8005116608016815,-0.8346187223559298,-0.9100278617002227,-0.8622558978124257,-0.7752609587509217,-0.8261376495138841
-0.8346187223559298,-0.9100278617002227,-0.8622558978124257,-0.7752609587509217,-0.8623914798263431,-0.8281304998967824
-0.9100278617002227,-0.8622558978124257,-0.7752609587509217,-0.8623914798263431,-0.863328372611411,-0.8574826207676547
-0.8622558978124257,-0.7752609587509217,-0.8623914798263431,-0.863328372611411,-0.8846504757617941,-0.8528873424558918
-0.7752609587509217,-0.8623914798263431,-0.863328372611411,-0.8846504757617941,-0.8855865887234714,-0.850599768454364
-0.8623914798263431,-0.863328372611411,-0.8846504757617941,-0.8855865887234714,-0.8377305978109382,-0.8614067610188088
-0.863328372611411,-0.8846504757617941,-0.8855865887234714,-0.8377305978109382,-0.8447383000496562,-0.8502755925117569
-0.8846504757617941,-0.8855865887234714,-0.8377305978109382,-0.8447383000496562,-0.859000822564804,-0.855007913840846
-0.8855865887234714,-0.8377305978109382,-0.8447383000496562,-0.859000822564804,-0.8784278791468398,-0.8598454198228644
-0.8377305978109382,-0.8447383000496562,-0.859000822564804,-0.8784278791468398,-0.921302317352738,-0.867853634095288
-0.8447383000496562,-0.859000822564804,-0.8784278791468398,-0.921302317352738,-0.8630579376634243,-0.8736137088774367
-0.859000822564804,-0.8784278791468398,-0.921302317352738,-0.8630579376634243,-0.9000996351009845,-0.8734627383993867
-0.8784278791468398,-0.921302317352738,-0.8630579376634243,-0.9000996351009845,-0.952771337486696,-0.8994760697596147
-0.921302317352738,-0.8630579376634243,-0.9000996351009845,-0.952771337486696,-0.8961888068396198,-0.9107176604642528
-0.8630579376634243,-0.9000996351009845,-0.952771337486696,-0.8961888068396198,-0.8660899996865743,-0.8831515033314794
-0.9000996351009845,-0.952771337486696,-0.8961888068396198,-0.8660899996865743,-0.9073465794926383,-0.8901143274647862
-0.952771337486696,-0.8961888068396198,-0.8660899996865743,-0.9073465794926383,-0.9468718556543684,-0.9141850545487551
-0.8961888068396198,-0.8660899996865743,-0.9073465794926383,-0.9468718556543684,-0.9505613789871389,-0.9169184584058725
-0.8660899996865743,-0.9073465794926383,-0.9468718556543684,-0.9505613789871389,-0.8967581070089923,-0.9083112153524111
-0.9073465794926383,-0.9468718556543684,-0.9505613789871389,-0.8967581070089923,-0.8442095428449743,-0.8927264572733207
-0.9468718556543684,-0.9505613789871389,-0.8967581070089923,-0.8442095428449743,-0.940092794519023,-0.900502832199682
-0.9505613789871389,-0.8967581070089923,-0.8442095428449743,-0.940092794519023,-0.980025479467826,-0.9293000810567356
-0.8967581070089923,-0.8442095428449743,-0.940092794519023,-0.980025479467826,-0.8805654854659769,-0.9131265412740717
-0.8442095428449743,-0.940092794519023,-0.980025479467826,-0.8805654854659769,-0.9106737759183124,-0.8916356851983231
-0.940092794519023,-0.980025479467826,-0.8805654854659769,-0.9106737759183124,-0.914619034123644,-0.9158571604817254
-0.980025479467826,-0.8805654854659769,-0.9106737759183124,-0.914619034123644,-0.8808678159199952,-0.9108118724889183
-0.8805654854659769,-0.9106737759183124,-0.914619034123644,-0.8808678159199952,-0.8800685747543141,-0.8819879782892395
-0.9106737759183124,-0.914619034123644,-0.8808678159199952,-0.8800685747543141,-0.9393904572962897,-0.8983089507256066
-0.914619034123644,-0.8808678159199952,-0.8800685747543141,-0.9393904572962897,-0.8992572646654435,-0.9053104546138366
-0.8808678159199952,-0.8800685747543141,-0.9393904572962897,-0.8992572646654435,-0.9977722458310542,-0.9142591496551318
-0.8800685747543141,-0.9393904572962897,-0.8992572646654435,-0.9977722458310542,-0.9603627249753265,-0.938939627770842
-0.9393904572962897,-0.8992572646654435,-0.9977722458310542,-0.9603627249753265,-0.882917216883494,-0.9291143945829519
-0.8992572646654435,-0.9977722458310542,-0.9603627249753265,-0.882917216883494,-0.9571028267213534,-0.9188301599456965
-0.9977722458310542,-0.9603627249753265,-0.882917216883494,-0.9571028267213534,-0.8703574210033506,-0.9312951771769427
-0.9603627249753265,-0.882917216883494,-0.9571028267213534,-0.8703574210033506,-0.9505797790246467,-0.9137988447495744
-0.882917216883494,-0.9571028267213534,-0.8703574210033506,-0.9505797790246467,-0.8643919830177179,-0.9012055111026147
-0.9571028267213534,-0.8703574210033506,-0.9505797790246467,-0.8643919830177179,-1.0286765887605993,-0.926850653651663
-0.8703574210033506,-0.9505797790246467,-0.8643919830177179,-1.0286765887605993,-1.0302398604862815,-0.959855360227138
-0.9505797790246467,-0.8643919830177179,-1.0286765887605993,-1.0302398604862815,-1.0041733973243196,-0.9812881249963445
-0.8643919830177179,-1.0286765887605993,-1.0302398604862815,-1.0041733973243196,-0.9038525727145348,-0.9493397039219431
-1.0286765887605993,-1.0302398604862815,-1.0041733973243196,-0.9038525727145348,-0.8833684490098946,-0.945277295743592
-1.0302398604862815,-1.0041733973243196,-0.9038525727145348,-0.8833684490098946,-1.0284893433186537,-0.9577880650358332
-1.0041733973243196,-0.9038525727145348,-0.8833684490098946,-1.0284893433186537,-0.9057372224341125,-0.957564321937151
-0.9038525727145348,-0.8833684490098946,-1.0284893433186537,-0.9057372224341125,-0.9752714327865988,-0.9267348184732136
-0.8833684490098946,-1.0284893433186537,-0.9057372224341125,-0.9752714327865988,-1.0061206618747207,-0.9531951793648821
-1.0284893433186537,-0.9057372224341125,-0.9752714327865988,-1.0061206618747207,-0.9696287795211959,-0.980908458883047
-0.9057372224341125,-0.9752714327865988,-1.0061206618747207,-0.9696287795211959,-0.9678068172894291,-0.9532575613716254
-0.9752714327865988,-1.0061206618747207,-0.9696287795211959,-0.9678068172894291,-0.8494059429660957,-0.9399346264949424
-1.0061206618747207,-0.9696287795211959,-0.9678068172894291,-0.8494059429660957,-0.9847649914983628,-0.9353318417091321
-0.9696287795211959,-0.9678068172894291,-0.8494059429660957,-0.9847649914983628,-0.9153558968465935,-0.9412746042065718
-0.9678068172894291,-0.8494059429660957,-0.9847649914983628,-0.9153558968465935,-0.9521426507962237,-0.9297352906166569
-0.8494059429660957,-0.9847649914983628,-0.9153558968465935,-0.9521426507962237,-0.9268938609295397,-0.9168000410865369
-0.9847649914983628,-0.9153558968465935,-0.9521426507962237,-0.9268938609295397,-1.0146576129577056,-0.9546988435300365
-0.9153558968465935,-0.9521426507962237,-0.9268938609295397,-1.0146576129577056,-0.9533542597007332,-0.9549256354369242
-0.9521426507962237,-0.9268938609295397,-1.0146576129577056,-0.9533542597007332,-1.0396570777865024,-0.9701965022839409
-0.9268938609295397,-1.0146576129577056,-0.9533542597007332,-1.0396570777865024,-0.9032008054141408,-0.9637827324466346
-1.0146576129577056,-0.9533542597007332,-1.0396570777865024,-0.9032008054141408,-0.9881934393619012,-0.961657735977262
-0.9533542597007332,-1.0396570777865024,-0.9032008054141408,-0.9881934393619012,-0.9822209109753647,-0.9679561416300784
-1.0396570777865024,-0.9032008054141408,-0.9881934393619012,-0.9822209109753647,-0.9830065124854261,-0.9799160487619296
-0.9032008054141408,-0.9881934393619012,-0.9822209109753647,-0.9830065124854261,-0.8975029783308491,-0.9396590961477778
-0.9881934393619012,-0.9822209109753647,-0.9830065124854261,-0.8975029783308491,-1.063013744307278,-0.9677589652209011
-0.9822209109753647,-0.9830065124854261,-0.8975029783308491,-1.063013744307278,-0.9530545118899127,-0.9847839822636006
-0.9830065124854261,-0.8975029783308491,-1.063013744307278,-0.9530545118899127,-1.0642788519307365,-0.9847446403791498
-0.8975029783308491,-1.063013744307278,-0.9530545118899127,-1.0642788519307365,-0.9923504055213312,-0.990768501430439
-1.063013744307278,-0.9530545118899127,-1.0642788519307365,-0.9923504055213312,-1.031066895756566,-1.0132219568456404
-0.9530545118899127,-1.0642788519307365,-0.9923504055213312,-1.031066895756566,-0.957235659748773,-0.9887906351248825
-1.0642788519307365,-0.9923504055213312,-1.031066895756566,-0.957235659748773,-0.9747595115943856,-0.98987058905994
-0.9923504055213312,-1.031066895756566,-0.957235659748773,-0.9747595115943856,-0.9364016443172661,-0.9669206386780851
-1.031066895756566,-0.957235659748773,-0.9747595115943856,-0.9364016443172661,-1.0063359327874157,-0.9729700247242137
-0.957235659748773,-0.9747595115943856,-0.9364016443172661,-1.0063359327874157,-0.9889574749075919,-0.972946345233872
-0.9747595115943856,-0.9364016443172661,-1.0063359327874157,-0.9889574749075919,-1.0069393046412785,-0.9791268041316616
-0.9364016443172661,-1.0063359327874157,-0.9889574749075919,-1.0069393046412785,-0.9948939942171662,-0.9793937791497005
-1.0063359327874157,-0.9889574749075919,-1.0069393046412785,-0.9948939942171662,-0.9408499824579739,-0.9785573495274549
-0.9889574749075919,-1.0069393046412785,-0.9948939942171662,-0.9408499824579739,-1.0134311792469297,-0.9745541730770673
-1.0069393046412785,-0.9948939942171662,-0.9408499824579739,-1.0134311792469297,-0.9926886285894528,-0.9895023891244166
-0.9948939942171662,-0.9408499824579739,-1.0134311792469297,-0.9926886285894528,-0.9534807803123233,-0.9738078237979813
-0.9408499824579739,-1.0134311792469297,-0.9926886285894528,-0.9534807803123233,-1.0536878169973112,-0.9777961534576503
-1.0134311792469297,-0.9926886285894528,-0.9534807803123233,-1.0536878169973112,-1.0149273270267845,-1.0100712486119745
-0.9926886285894528,-0.9534807803123233,-1.0536878169973112,-1.0149273270267845,-0.9301012428338578,-0.9811009900861936
-0.9534807803123233,-1.0536878169973112,-1.0149273270267845,-0.9301012428338578,-1.0048983845958206,-0.9688192941607963
-1.0536878169973112,-1.0149273270267845,-0.9301012428338578,-1.0048983845958206,-0.9847629359133292,-0.9960110913265223
-1.0149273270267845,-0.9301012428338578,-1.0048983845958206,-0.9847629359133292,-1.0146267361681744,-0.9873811760287434
-0.9301012428338578,-1.0048983845958206,-0.9847629359133292,-1.0146267361681744,-1.0121389186368994,-0.9837820925259013
-1.0048983845958206,-0.9847629359133292,-1.0146267361681744,-1.0121389186368994,-0.9690679020622581,-0.9906183074162758
-0.9847629359133292,-1.0146267361681744,-1.0121389186368994,-0.9690679020622581,-1.057131885057362,-0.9954296413939856
-1.0146267361681744,-1.0121389186368994,-0.9690679020622581,-1.057131885057362,-1.054082840248835,-1.0242195724406207
-1.0121389186368994,-0.9690679020622581,-1.057131885057362,-1.054082840248835,-0.9743768902902368,-1.01000118733492
-0.9690679020622581,-1.057131885057362,-1.054082840248835,-0.9743768902902368,-0.9986569965621663,-0.9898065637906264
-1.057131885057362,-1.054082840248835,-0.9743768902902368,-0.9986569965621663,-1.0779596128189848,-1.0252413925427033
-1.054082840248835,-0.9743768902902368,-0.9986569965621663,-1.0779596128189848,-0.9273447658486766,-1.0099125395588002
-0.9743768902902368,-0.9986569965621663,-1.0779596128189848,-0.9273447658486766,-0.9899524410211912,-0.970337329065361
-0.9986569965621663,-1.0779596128189848,-0.9273447658486766,-0.9899524410211912,-0.9282246733390298,-0.9729264338998957
-1.0779596128189848,-0.9273447658486766,-0.9899524410211912,-0.9282246733390298,-1.0271025029329612,-0.9837396752806062
-0.9273447658486766,-0.9899524410211912,-0.9282246733390298,-1.0271025029329612,-1.007807674360943,-0.9781214444974862
-0.9899524410211912,-0.9282246733390298,-1.0271025029329612,-1.007807674360943,-1.0064105745370606,-0.9898275490856512
-0.9282246733390298,-1.0271025029329612,-1.007807674360943,-1.0064105745370606,-0.9290874488318751,-0.9668763395508468
-1.0271025029329612,-1.007807674360943,-1.0064105745370606,-0.9290874488318751,-1.0420945434690843,-0.9869720425479878
-1.007807674360943,-1.0064105745370606,-0.9290874488318751,-1.0420945434690843,-0.9130388170817426,-0.9806483398913484
-1.0064105745370606,-0.9290874488318751,-1.0420945434690843,-0.9130388170817426,-0.9684884810529713,-0.9562063383952606
-0.9290874488318751,-1.0420945434690843,-0.9130388170817426,-0.9684884810529713,-1.0202973073382922,-0.9664418286487051
-1.0420945434690843,-0.9130388170817426,-0.9684884810529713,-1.0202973073382922,-0.9986220060385745,-0.9950018121146749
-0.9130388170817426,-0.9684884810529713,-1.0202973073382922,-0.9986220060385745,-0.9786693401138108,-0.9674884496431841
-0.9684884810529713,-1.0202973073382922,-0.9986220060385745,-0.9786693401138108,-0.9642086448864118,-0.972908381601721
-1.0202973073382922,-0.9986220060385745,-0.9786693401138108,-0.9642086448864118,-1.0014986868312556,-0.9833538157606432
-0.9986220060385745,-0.9786693401138108,-0.9642086448864118,-1.0014986868312556,-1.0335489838304222,-0.9940988028121789
-0.9786693401138108,-0.9642086448864118,-1.0014986868312556,-1.0335489838304222,-1.0609937698943792,-1.008999837256214
-0.9642086448864118,-1.0014986868312556,-1.0335489838304222,-1.0609937698943792,-0.9705257027623228,-1.0017639333950406
-1.0014986868312556,-1.0335489838304222,-1.0609937698943792,-0.9705257027623228,-0.9345582374541763,-0.9792575047920125
-1.0335489838304222,-1.0609937698943792,-0.9705257027623228,-0.9345582374541763,-0.9908230813013245,-0.9800815086856582
-1.0609937698943792,-0.9705257027623228,-0.9345582374541763,-0.9908230813013245,-0.9397083711147951,-0.9785584105743199
-0.9705257027623228,-0.9345582374541763,-0.9908230813013245,-0.9397083711147951,-0.9350069974279122,-0.9440940852444717
-0.9345582374541763,-0.9908230813013245,-0.9397083711147951,-0.9350069974279122,-0.943567585343316,-0.9369682594008808
-0.9908230813013245,-0.9397083711147951,-0.9350069974279122,-0.943567585343316,-1.022954675228646,-0.9639035389301822
-0.9397083711147951,-0.9350069974279122,-0.943567585343316,-1.022954675228646,-1.0488930513462986,-0.9846503184100808
-0.9350069974279122,-0.943567585343316,-1.022954675228646,-1.0488930513462986,-0.945281452814902,-0.9783716522964099
-0.943567585343316,-1.022954675228646,-1.0488930513462986,-0.945281452814902,-1.028683239114064,-0.9775220180222215
-1.022954675228646,-1.0488930513462986,-0.945281452814902,-1.028683239114064,-1.0294827265930253,-1.0125500429604701
-1.0488930513462986,-0.945281452814902,-1.028683239114064,-1.0294827265930253,-1.032680963166832,-1.0175220144238857
-0.945281452814902,-1.028683239114064,-1.0294827265930253,-1.032680963166832,-0.9958868970620065,-0.9968305619234217
-1.028683239114064,-1.0294827265930253,-1.032680963166832,-0.9958868970620065,-0.9882466496009458,-1.0018043674285446
-1.0294827265930253,-1.032680963166832,-0.9958868970620065,-0.9882466496009458,-0.937479634246029,-0.9841165367978659
-1.032680963166832,-0.9958868970620065,-0.9882466496009458,-0.937479634246029,-1.0749673998206726,-0.9949853254332826
-0.9958868970620065,-0.9882466496009458,-0.937479634246029,-1.0749673998206726,-1.0654139270965814,-1.0222699503696662
-0.9882466496009458,-0.937479634246029,-1.0749673998206726,-1.0654139270965814,-0.9975201640312166,-1.0123628672938358
-0.937479634246029,-1.0749673998206726,-1.0654139270965814,-0.9975201640312166,-0.931161092782994,-0.9782470305739155
-1.0749673998206726,-1.0654139270965814,-0.9975201640312166,-0.931161092782994,-1.0658802454030065,-1.0085955189554898
-1.0654139270965814,-0.9975201640312166,-0.931161092782994,-1.0658802454030065,-0.9991645281915522,-1.0196087401251617
-0.9975201640312166,-0.931161092782994,-1.0658802454030065,-0.9991645281915522,-1.0897805728232517,-1.0124142859048086
-0.931161092782994,-1.0658802454030065,-0.9991645281915522,-1.0897805728232517,-0.9332115737433292,-0.9983500059905506
-1.0658802454030065,-0.9991645281915522,-1.0897805728232517,-0.9332115737433292,-0.9962775545957655,-0.9948641631713835
-0.9991645281915522,-1.0897805728232517,-0.9332115737433292,-0.9962775545957655,-0.9812129116831707,-0.9890624179502929
-1.0897805728232517,-0.9332115737433292,-0.9962775545957655,-0.9812129116831707,-0.9553947399854953,-0.9883158348528533
-0.9332115737433292,-0.9962775545957655,-0.9812129116831707,-0.9553947399854953,-0.9189466951413058,-0.942941377869879
-0.9962775545957655,-0.9812129116831707,-0.9553947399854953,-0.9189466951413058,-0.9136724182169506,-0.9391361858238378
-0.9812129116831707,-0.9553947399854953,-0.9189466951413058,-0.9136724182169506,-0.9173732232425467,-0.9280786353193489
-0.9553947399854953,-0.9189466951413058,-0.9136724182169506,-0.9173732232425467,-0.9796350329773159,-0.9333123002744121
-0.9189466951413058,-0.9136724182169506,-0.9173732232425467,-0.9796350329773159,-0.9878580907252219,-0.9470984484418434
-0.9136724182169506,-0.9173732232425467,-0.9796350329773159,-0.9878580907252219,-1.013903700865989,-0.9620360509844159
-0.9173732232425467,-0.9796350329773159,-0.9878580907252219,-1.013903700865989,-0.8435599653417861,-0.940075282079228
-0.9796350329773159,-0.9878580907252219,-1.013903700865989,-0.8435599653417861,-0.9156611130312696,-0.9192411223086485
-0.9878580907252219,-1.013903700865989,-0.8435599653417861,-0.9156611130312696,-0.9840619251694755,-0.9430084047550216
-1.013903700865989,-0.8435599653417861,-0.9156611130312696,-0.9840619251694755,-0.9768300646081135,-0.9588074850379991
-0.8435599653417861,-0.9156611130312696,-0.9840619251694755,-0.9768300646081135,-0.9663010586659934,-0.9328220571866643
-0.9156611130312696,-0.9840619251694755,-0.9768300646081135,-0.9663010586659934,-0.8535332646536729,-0.9259383172034705
-0.9840619251694755,-0.9768300646081135,-0.9663010586659934,-0.8535332646536729,-0.8815922873914808,-0.9090116630313987
-0.9768300646081135,-0.9663010586659934,-0.8535332646536729,-0.8815922873914808,-1.0237181295362277,-0.9347408279094394
-0.9663010586659934,-0.8535332646536729,-0.8815922873914808,-1.0237181295362277,-1.0018669645040592,-0.9640859180451478
-0.8535332646536729,-0.8815922873914808,-1.0237181295362277,-1.0018669645040592,-1.0170035156016242,-0.955401581918363
-0.8815922873914808,-1.0237181295362277,-1.0018669645040592,-1.0170035156016242,-0.9306895673278762,-0.9594992579541879
-1.0237181295362277,-1.0018669645040592,-1.0170035156016242,-0.9306895673278762,-0.8801651904930956,-0.9504841779208684
-1.0018669645040592,-1.0170035156016242,-0.9306895673278762,-0.8801651904930956,-0.9478816937377829,-0.9367342240378806
-1.0170035156016242,-0.9306895673278762,-0.8801651904930956,-0.9478816937377829,-0.9373734552102055,-0.9442376542180446
-0.9306895673278762,-0.8801651904930956,-0.9478816937377829,-0.9373734552102055,-0.9025208160132036,-0.916563722166162
-0.8801651904930956,-0.9478816937377829,-0.9373734552102055,-0.9025208160132036,-0.9978561994092813,-0.9222470042834137
-0.9478816937377829,-0.9373734552102055,-0.9025208160132036,-0.9978561994092813,-0.89145529155508,-0.9381205000025234
-0.9373734552102055,-0.9025208160132036,-0.9978561994092813,-0.89145529155508,-0.9967275175667105,-0.9328547849261297
-0.9025208160132036,-0.9978561994092813,-0.89145529155508,-0.9967275175667105,-1.0046934641426393,-0.9589558419057163
-0.9978561994092813,-0.89145529155508,-0.9967275175667105,-1.0046934641426393,-0.9104707937896372,-0.9612782001981983
-0.89145529155508,-0.9967275175667105,-1.0046934641426393,-0.9104707937896372,-0.9676092570033478,-0.9333168940582588
-0.9967275175667105,-1.0046934641426393,-0.9104707937896372,-0.9676092570033478,-0.9136422115804645,-0.952209785952232
-1.0046934641426393,-0.9104707937896372,-0.9676092570033478,-0.9136422115804645,-0.872264051093451,-0.9236126277025565
-0.9104707937896372,-0.9676092570033478,-0.9136422115804645,-0.872264051093451,-0.827878250892258,-0.8798516377455055
-0.9676092570033478,-0.9136422115804645,-0.872264051093451,-0.827878250892258,-0.9769469294217901,-0.901364157664198
-0.9136422115804645,-0.872264051093451,-0.827878250892258,-0.9769469294217901,-0.8693385299003922,-0.9034296050627093
-0.872264051093451,-0.827878250892258,-0.9769469294217901,-0.8693385299003922,-0.9144505640023516,-0.882527543298679
-0.827878250892258,-0.9769469294217901,-0.8693385299003922,-0.9144505640023516,-0.8344176997287875,-0.8729215733230766
-0.9769469294217901,-0.8693385299003922,-0.9144505640023516,-0.8344176997287875,-0.8706205219525711,-0.8813412645345109
-0.8693385299003922,-0.9144505640023516,-0.8344176997287875,-0.8706205219525711,-0.8701034768903265,-0.8652434154815618
-0.9144505640023516,-0.8344176997287875,-0.8706205219525711,-0.8701034768903265,-0.9481414302747928,-0.8881121131918546
-0.8344176997287875,-0.8706205219525711,-0.8701034768903265,-0.9481414302747928,-0.9393211310333394,-0.8976295165093044
-0.8706205219525711,-0.8701034768903265,-0.9481414302747928,-0.9393211310333394,-0.9195474041450136,-0.9070079370031943
-0.8701034768903265,-0.9481414302747928,-0.9393211310333394,-0.9195474041450136,-0.9513698005971165,-0.9151994138971846
-0.9481414302747928,-0.9393211310333394,-0.9195474041450136,-0.9513698005971165,-0.9502583894509269,-0.9388181955653303
-0.9393211310333394,-0.9195474041450136,-0.9513698005971165,-0.9502583894509269,-0.9068738144668584,-0.9281918732949561
-0.9195474041450136,-0.9513698005971165,-0.9502583894509269,-0.9068738144668584,-0.848607863885558,-0.9000582880274621
-0.9513698005971165,-0.9502583894509269,-0.9068738144668584,-0.848607863885558,-0.9406501327408886,-0.9041363364376731
-0.9502583894509269,-0.9068738144668584,-0.848607863885558,-0.9406501327408886,-0.8599770631142083,-0.9036939697000319
-0.9068738144668584,-0.848607863885558,-0.9406501327408886,-0.8599770631142083,-0.908909242990025,-0.8838397278335137
-0.848607863885558,-0.9406501327408886,-0.8599770631142083,-0.908909242990025,-0.8416152170508253,-0.8722886585996421
-0.9406501327408886,-0.8599770631142083,-0.908909242990025,-0.8416152170508253,-0.8759914234108876,-0.8753721513695816
-0.8599770631142083,-0.908909242990025,-0.8416152170508253,-0.8759914234108876,-0.8732661841380556,-0.865883960652692
-0.908909242990025,-0.8416152170508253,-0.8759914234108876,-0.8732661841380556,-0.8430541914833183,-0.8654077417662671
-0.8416152170508253,-0.8759914234108876,-0.8732661841380556,-0.8430541914833183,-0.8077490374280083,-0.836525233890687
-0.8759914234108876,-0.8732661841380556,-0.8430541914833183,-0.8077490374280083,-0.8907122649069452,-0.8477792423264086
-0.8732661841380556,-0.8430541914833183,-0.8077490374280083,-0.8907122649069452,-0.7774664747145734,-0.8407132026236179
-0.8430541914833183,-0.8077490374280083,-0.8907122649069452,-0.7774664747145734,-0.8165031221287323,-0.8124578159116096
-0.8077490374280083,-0.8907122649069452,-0.7774664747145734,-0.8165031221287323,-0.8644203722865389,-0.824213491981346
-0.8907122649069452,-0.7774664747145734,-0.8165031221287323,-0.8644203722865389,-0.7504203134924449,-0.8238468160150869
-0.7774664747145734,-0.8165031221287323,-0.8644203722865389,-0.7504203134924449,-0.9516745990171719,-0.8182881090476835
-0.8165031221287323,-0.8644203722865389,-0.7504203134924449,-0.9516745990171719,-0.8561896764969997,-0.8616169752720528
-0.8644203722865389,-0.7504203134924449,-0.9516745990171719,-0.8561896764969997,-0.8257591646791759,-0.8452044202613453
-0.7504203134924449,-0.9516745990171719,-0.8561896764969997,-0.8257591646791759,-0.715755343803418,-0.7965208774920247
-0.9516745990171719,-0.8561896764969997,-0.8257591646791759,-0.715755343803418,-0.7975141938147826,-0.8096630038379773
-0.8561896764969997,-0.8257591646791759,-0.715755343803418,-0.7975141938147826,-0.8875733512129598,-0.8198249998817035
-0.8257591646791759,-0.715755343803418,-0.7975141938147826,-0.8875733512129598,-0.8181179304303634,-0.8237903264920241
-0.715755343803418,-0.7975141938147826,-0.8875733512129598,-0.8181179304303634,-0.7868059342778687,-0.7897160923987607
-0.7975141938147826,-0.8875733512129598,-0.8181179304303634,-0.7868059342778687,-0.7007669102166552,-0.7795623215226719
-0.8875733512129598,-0.8181179304303634,-0.7868059342778687,-0.7007669102166552,-0.8136251609815948,-0.786098232861415
-0.8181179304303634,-0.7868059342778687,-0.7007669102166552,-0.8136251609815948,-0.8039524063980589,-0.791812790273098
-0.7868059342778687,-0.7007669102166552,-0.8136251609815948,-0.8039524063980589,-0.6939873818821242,-0.7605566832319397
-0.7007669102166552,-0.8136251609815948,-0.8039524063980589,-0.6939873818821242,-0.7634105473358239,-0.7335531440805114
-0.8136251609815948,-0.8039524063980589,-0.6939873818821242,-0.7634105473358239,-0.7955249910983487,-0.773907137925383
-0.8039524063980589,-0.6939873818821242,-0.7634105473358239,-0.7955249910983487,-0.8018736795910247,-0.7796393099908205
-0.6939873818821242,-0.7634105473358239,-0.7955249910983487,-0.8018736795910247,-0.8110875431049702,-0.7711245883869726
-0.7634105473358239,-0.7955249910983487,-0.8018736795910247,-0.8110875431049702,-0.8325672067548646,-0.7981726919706733
-0.7955249910983487,-0.8018736795910247,-0.8110875431049702,-0.8325672067548646,-0.8031063710982891,-0.8070392737706829
-0.8018736795910247,-0.8110875431049702,-0.8325672067548646,-0.8031063710982891,-0.7569505023480555,-0.7919225262937013
-0.8110875431049702,-0.8325672067548646,-0.8031063710982891,-0.7569505023480555,-0.8526665692112121,-0.7998498742920048
-0.8325672067548646,-0.8031063710982891,-0.7569505023480555,-0.8526665692112121,-0.7674137305544594,-0.8073163706293873
-0.8031063710982891,-0.7569505023480555,-0.8526665692112121,-0.7674137305544594,-0.7237688893942895,-0.7696708325259223
-0.7569505023480555,-0.8526665692112121,-0.7674137305544594,-0.7237688893942895,-0.705677238019551,-0.7421459700330824
-0.8526665692112121,-0.7674137305544594,-0.7237688893942895,-0.705677238019551,-0.7025851703754993,-0.7421836205169858
-0.7674137305544594,-0.7237688893942895,-0.705677238019551,-0.7025851703754993,-0.7534507682898819,-0.7275452086305803
-0.7237688893942895,-0.705677238019551,-0.7025851703754993,-0.7534507682898819,-0.7619515328823755,-0.7340282261343352
-0.705677238019551,-0.7025851703754993,-0.7534507682898819,-0.7619515328823755,-0.6335094406740581,-0.7090988884272513
-0.7025851703754993,-0.7534507682898819,-0.7619515328823755,-0.6335094406740581,-0.7488952405469556,-0.6999819163545262
-0.7534507682898819,-0.7619515328823755,-0.6335094406740581,-0.7488952405469556,-0.787847025756637,-0.7430467469305744
-0.7619515328823755,-0.6335094406740581,-0.7488952405469556,-0.787847025756637,-0.7123044329312016,-0.7395370194781805
-0.6335094406740581,-0.7488952405469556,-0.787847025756637,-0.7123044329312016,-0.6748797668564633,-0.6959100159116822
-0.7488952405469556,-0.787847025756637,-0.7123044329312016,-0.6748797668564633,-0.7357230947797812,-0.7182894718040187
-0.787847025756637,-0.7123044329312016,-0.6748797668564633,-0.7357230947797812,-0.7143088668859643,-0.7289218561304627
-0.7123044329312016,-0.6748797668564633,-0.7357230947797812,-0.7143088668859643,-0.6775153076414239,-0.7002684788317437
-0.6748797668564633,-0.7357230947797812,-0.7143088668859643,-0.6775153076414239,-0.6137481946928629,-0.6699800682439774
-0.7357230947797812,-0.7143088668859643,-0.6775153076414239,-0.6137481946928629,-0.6303127987183568,-0.6599705329619547
-0.7143088668859643,-0.6775153076414239,-0.6137481946928629,-0.6303127987183568,-0.6742884399100746,-0.6593920239541093
-0.6775153076414239,-0.6137481946928629,-0.6303127987183568,-0.6742884399100746,-0.602677657726793,-0.6442513005644201
-0.6137481946928629,-0.6303127987183568,-0.6742884399100746,-0.602677657726793,-0.7146607340478497,-0.63979926956062
-0.6303127987183568,-0.6742884399100746,-0.602677657726793,-0.7146607340478497,-0.6743180879182025,-0.6666319898029307
-0.6742884399100746,-0.602677657726793,-0.7146607340478497,-0.6743180879182025,-0.6209240915657234,-0.6561668730586399
-0.602677657726793,-0.7146607340478497,-0.6743180879182025,-0.6209240915657234,-0.6663305079032948,-0.6413446304789254
-0.7146607340478497,-0.6743180879182025,-0.6209240915657234,-0.6663305079032948,-0.6745682981481983,-0.6715475971078222
-0.6743180879182025,-0.6209240915657234,-0.6663305079032948,-0.6745682981481983,-0.5965250549417176,-0.647141323578255
-0.6209240915657234,-0.6663305079032948,-0.6745682981481983,-0.5965250549417176,-0.6519979118840148,-0.6290370742198679
-0.6663305079032948,-0.6745682981481983,-0.5965250549417176,-0.6519979118840148,-0.6021221012527865,-0.6372514600559025
-0.6745682981481983,-0.5965250549417176,-0.6519979118840148,-0.6021221012527865,-0.6885854156923424,-0.640661414967997
-0.5965250549417176,-0.6519979118840148,-0.6021221012527865,-0.6885854156923424,-0.6167484902030773,-0.6354034895413367
-0.6519979118840148,-0.6021221012527865,-0.6885854156923424,-0.6167484902030773,-0.5646396500461317,-0.6170516863301183
-0.6021221012527865,-0.6885854156923424,-0.6167484902030773,-0.5646396500461317,-0.6104057913998627,-0.6010755564511341
-0.6885854156923424,-0.6167484902030773,-0.5646396500461317,-0.6104057913998627,-0.602257189309075,-0.6188970955201432
-0.6167484902030773,-0.5646396500461317,-0.6104057913998627,-0.602257189309075,-0.6717876875963131,-0.6161790800843998
-0.5646396500461317,-0.6104057913998627,-0.602257189309075,-0.6717876875963131,-0.647043259480272,-0.6255483937654316
-0.6104057913998627,-0.602257189309075,-0.6717876875963131,-0.647043259480272,-0.6198858336553494,-0.6284195453377053
-0.602257189309075,-0.6717876875963131,-0.647043259480272,-0.6198858336553494,-0.5091077326744963,-0.597413604043393
-0.6717876875963131,-0.647043259480272,-0.6198858336553494,-0.5091077326744963,-0.5467122153185098,-0.5797522361533702
-0.647043259480272,-0.6198858336553494,-0.5091077326744963,-0.5467122153185098,-0.5334051425487585,-0.5678237742019685
-0.6198858336553494,-0.5091077326744963,-0.5467122153185098,-0.5334051425487585,-0.5762044931277178,-0.5597862302226664
-0.5091077326744963,-0.5467122153185098,-0.5334051425487585,-0.5762044931277178,-0.55278829526836,-0.5467279619421479
-0.5467122153185098,-0.5334051425487585,-0.5762044931277178,-0.55278829526836,-0.5946371117643082,-0.5603452085942919
-0.5334051425487585,-0.5762044931277178,-0.55278829526836,-0.5946371117643082,-0.6074877647033112,-0.5757300945392168
-0.5762044931277178,-0.55278829526836,-0.5946371117643082,-0.6074877647033112,-0.5604106364965062,-0.5806618154156071
-0.55278829526836,-0.5946371117643082,-0.6074877647033112,-0.5604106364965062,-0.5922531803874506,-0.5737341696571538
-0.5946371117643082,-0.6074877647033112,-0.5604106364965062,-0.5922531803874506,-0.5965600762906104,-0.5899730062062727
-0.6074877647033112,-0.5604106364965062,-0.5922531803874506,-0.5965600762906104,-0.515908564608358,-0.5743545710843128
-0.5604106364965062,-0.5922531803874506,-0.5965600762906104,-0.515908564608358,-0.5202449817632303,-0.5432369031671631
-0.5922531803874506,-0.5965600762906104,-0.515908564608358,-0.5202449817632303,-0.5297433427107748,-0.5449188814531936
-0.5965600762906104,-0.515908564608358,-0.5202449817632303,-0.5297433427107748,-0.510001461848484,-0.5362095203609429
-0.515908564608358,-0.5202449817632303,-0.5297433427107748,-0.510001461848484,-0.4844899152581825,-0.508180524458709
-0.5202449817632303,-0.5297433427107748,-0.510001461848484,-0.4844899152581825,-0.4664212503726784,-0.49560029464053174
-0.5297433427107748,-0.510001461848484,-0.4844899152581825,-0.4664212503726784,-0.4119091710820907,-0.4744205653215012
-0.510001461848484,-0.4844899152581825,-0.4664212503726784,-0.4119091710820907,-0.4631065530016484,-0.4595164032990455
-0.4844899152581825,-0.4664212503726784,-0.4119091710820907,-0.4631065530016484,-0.6027604835791633,-0.49399033939289777
-0.4664212503726784,-0.4119091710820907,-0.4631065530016484,-0.6027604835791633,-0.5041458220835666,-0.5123698400918166
-0.4119091710820907,-0.4631065530016484,-0.6027604835791633,-0.5041458220835666,-0.5538782117001776,-0.501779218069303
-0.4631065530016484,-0.6027604835791633,-0.5041458220835666,-0.5538782117001776,-0.4044507842637727,-0.4985645393405424
-0.6027604835791633,-0.5041458220835666,-0.5538782117001776,-0.4044507842637727,-0.4149611460176697,-0.47836585041124463
-0.5041458220835666,-0.5538782117001776,-0.4044507842637727,-0.4149611460176697,-0.47064014407204474,-0.4613297266831439
-0.5538782117001776,-0.4044507842637727,-0.4149611460176697,-0.47064014407204474,-0.4841243691800309,-0.47810190316672324
-0.4044507842637727,-0.4149611460176697,-0.47064014407204474,-0.4841243691800309,-0.37863559293151255,-0.4335855988783231
-0.4149611460176697,-0.47064014407204474,-0.4841243691800309,-0.37863559293151255,-0.5348700217287872,-0.4451480179632295
-0.47064014407204474,-0.4841243691800309,-0.37863559293151255,-0.5348700217287872,-0.4381589037402424,-0.4746393083747152
-0.4841243691800309,-0.37863559293151255,-0.5348700217287872,-0.4381589037402424,-0.4716565841677892,-0.4606951799267864
-0.37863559293151255,-0.5348700217287872,-0.4381589037402424,-0.4716565841677892,-0.49743714622024526,-0.4602367493941793
-0.5348700217287872,-0.4381589037402424,-0.4716565841677892,-0.49743714622024526,-0.41949105969624634,-0.477984434296956
-0.4381589037402424,-0.4716565841677892,-0.49743714622024526,-0.41949105969624634,-0.36156784254761415,-0.42546203622704576
-0.4716565841677892,-0.49743714622024526,-0.41949105969624634,-0.36156784254761415,-0.38030746518195835,-0.4122803583501357
-0.49743714622024526,-0.41949105969624634,-0.36156784254761415,-0.38030746518195835,-0.40469347176983356,-0.4143897572636434
-0.41949105969624634,-0.36156784254761415,-0.38030746518195835,-0.40469347176983356,-0.46422791679379494,-0.41478205576968336
-0.36156784254761415,-0.38030746518195835,-0.40469347176983356,-0.46422791679379494,-0.31286231278619214,-0.39169213872192515
-0.38030746518195835,-0.40469347176983356,-0.46422791679379494,-0.31286231278619214,-0.3076775697659482,-0.35550787263784794
-0.40469347176983356,-0.46422791679379494,-0.31286231278619214,-0.3076775697659482,-0.26367999960080213,-0.33821828246186053
-0.46422791679379494,-0.31286231278619214,-0.3076775697659482,-0.26367999960080213,-0.4463580740475917,-0.36166581897436484
-0.31286231278619214,-0.3076775697659482,-0.26367999960080213,-0.4463580740475917,-0.48273760260866794,-0.39012387772911855
-0.3076775697659482,-0.26367999960080213,-0.4463580740475917,-0.48273760260866794,-0.35769693405145053,-0.3883603295749188
-0.26367999960080213,-0.4463580740475917,-0.48273760260866794,-0.35769693405145053,-0.36097881289033146,-0.3633655643048364
-0.4463580740475917,-0.48273760260866794,-0.35769693405145053,-0.36097881289033146,-0.3706274984019261,-0.3957643644333421
-0.48273760260866794,-0.35769693405145053,-0.36097881289033146,-0.3706274984019261,-0.3917033186182895,-0.3984272619376326
-0.35769693405145053,-0.36097881289033146,-0.3706274984019261,-0.3917033186182895,-0.3496921034852231,-0.3700195074542944
-0.36097881289033146,-0.3706274984019261,-0.3917033186182895,-0.3496921034852231,-0.340569930973472,-0.35864422269998525
-0.3706274984019261,-0.3917033186182895,-0.3496921034852231,-0.340569930973472,-0.2865551832425741,-0.34298714416564796
-0.3917033186182895,-0.3496921034852231,-0.340569930973472,-0.2865551832425741,-0.26031283134680133,-0.3187028171256521
-0.3496921034852231,-0.340569930973472,-0.2865551832425741,-0.26031283134680133,-0.24963927242475598,-0.2916156155326028
-0.340569930973472,-0.2865551832425741,-0.26031283134680133,-0.24963927242475598,-0.33639152197452393,-0.29713834004827683
-0.2865551832425741,-0.26031283134680133,-0.24963927242475598,-0.33639152197452393,-0.3198529761517302,-0.3054331177595733
-0.26031283134680133,-0.24963927242475598,-0.33639152197452393,-0.3198529761517302,-0.29321680550481494,-0.29716641931958715
-0.24963927242475598,-0.33639152197452393,-0.3198529761517302,-0.29321680550481494,-0.307349853528987,-0.29699308807051755
-0.33639152197452393,-0.3198529761517302,-0.29321680550481494,-0.307349853528987,-0.35427274348727245,-0.32614210526668436
-0.3198529761517302,-0.29321680550481494,-0.307349853528987,-0.35427274348727245,-0.32225331621033504,-0.3290584771872927
-0.29321680550481494,-0.307349853528987,-0.35427274348727245,-0.32225331621033504,-0.2350119413760387,-0.30007629142918607
-0.307349853528987,-0.35427274348727245,-0.32225331621033504,-0.2350119413760387,-0.29198190543756325,-0.28953843748421165
-0.35427274348727245,-0.32225331621033504,-0.2350119413760387,-0.29198190543756325,-0.24193394007124286,-0.29313247566855155
-0.32225331621033504,-0.2350119413760387,-0.29198190543756325,-0.24193394007124286,-0.3261613120863619,-0.286447007846156
-0.2350119413760387,-0.29198190543756325,-0.24193394007124286,-0.3261613120863619,-0.18586573061834122,-0.26304895524906197
-0.29198190543756325,-0.24193394007124286,-0.3261613120863619,-0.18586573061834122,-0.2000471886710995,-0.23789519081675664
-0.24193394007124286,-0.3261613120863619,-0.18586573061834122,-0.2000471886710995,-0.18275802841936517,-0.22070508412640394
-0.3261613120863619,-0.18586573061834122,-0.2000471886710995,-0.18275802841936517,-0.19690737189557506,-0.22311905143446437
-0.18586573061834122,-0.2000471886710995,-0.18275802841936517,-0.19690737189557506,-0.1681746511334576,-0.19030559111885298
-0.2000471886710995,-0.18275802841936517,-0.19690737189557506,-0.1681746511334576,-0.20591606844551288,-0.19251082795346253
-0.18275802841936517,-0.19690737189557506,-0.1681746511334576,-0.20591606844551288,-0.19380508918083955,-0.196344457123236
-0.19690737189557506,-0.1681746511334576,-0.20591606844551288,-0.19380508918083955,-0.1790205051336287,-0.19338313860196266
-0.1681746511334576,-0.20591606844551288,-0.19380508918083955,-0.1790205051336287,-0.1900574993750438,-0.1876205797616775
-0.20591606844551288,-0.19380508918083955,-0.1790205051336287,-0.1900574993750438,-0.1429327726040893,-0.1856073277787036
-0.19380508918083955,-0.1790205051336287,-0.1900574993750438,-0.1429327726040893,-0.2061320916419682,-0.18193600071228822
-0.1790205051336287,-0.1900574993750438,-0.1429327726040893,-0.2061320916419682,-0.15106736957673933,-0.1822571179114284
-0.1900574993750438,-0.1429327726040893,-0.2061320916419682,-0.15106736957673933,-0.1357405002500125,-0.16566694797354642
-0.1429327726040893,-0.2061320916419682,-0.15106736957673933,-0.1357405002500125,-0.1637609136650741,-0.15744500964142055
-0.2061320916419682,-0.15106736957673933,-0.1357405002500125,-0.1637609136650741,-0.15140139483744397,-0.16960189806915238
-0.15106736957673933,-0.1357405002500125,-0.1637609136650741,-0.15140139483744397,-0.15929658521871054,-0.15707518842771206
-0.1357405002500125,-0.1637609136650741,-0.15140139483744397,-0.15929658521871054,-0.0883098303541007,-0.1417432695597851
-0.1637609136650741,-0.15140139483744397,-0.15929658521871054,-0.0883098303541007,-0.176633048942706,-0.14472930533650558
-0.15140139483744397,-0.15929658521871054,-0.0883098303541007,-0.176633048942706,-0.07644368084437825,-0.14029108306291166
-0.15929658521871054,-0.0883098303541007,-0.176633048942706,-0.07644368084437825,-0.07134127962909008,-0.11119216564367612
-0.0883098303541007,-0.176633048942706,-0.07644368084437825,-0.07134127962909008,-0.14231601676363329,-0.10840096728546966
-0.176633048942706,-0.07644368084437825,-0.07134127962909008,-0.14231601676363329,-0.1599295194861065,-0.14288356950477815
-0.07644368084437825,-0.07134127962909008,-0.14231601676363329,-0.1599295194861065,-0.08095848661758556,-0.11644566420149655
-0.07134127962909008,-0.14231601676363329,-0.1599295194861065,-0.08095848661758556,-0.010946042455210497,-0.0837726077442475
-0.14231601676363329,-0.1599295194861065,-0.08095848661758556,-0.010946042455210497,-0.08504825465122245,-0.08642619259599876
-0.1599295194861065,-0.08095848661758556,-0.010946042455210497,-0.08504825465122245,-0.08831405746179893,-0.09820771017756641
-0.08095848661758556,-0.010946042455210497,-0.08504825465122245,-0.08831405746179893,-0.17490887437106648,-0.10279673642062209
-0.010946042455210497,-0.08504825465122245,-0.08831405746179893,-0.17490887437106648,-0.0874353328040384,-0.10384560415934146
-0.08504825465122245,-0.08831405746179893,-0.17490887437106648,-0.0874353328040384,-0.05438568639980604,-0.09459187878400582
-0.08831405746179893,-0.17490887437106648,-0.0874353328040384,-0.05438568639980604,-0.1623852745216405,-0.10860667351772463
-0.17490887437106648,-0.0874353328040384,-0.05438568639980604,-0.1623852745216405,-0.09666347940237366,-0.13379205609341155
-0.0874353328040384,-0.05438568639980604,-0.1623852745216405,-0.09666347940237366,-0.055273235436411314,-0.09317949096311284
-0.05438568639980604,-0.1623852745216405,-0.09666347940237366,-0.055273235436411314,-0.0507521856312939,-0.07585752250193406
-0.1623852745216405,-0.09666347940237366,-0.055273235436411314,-0.0507521856312939,-0.029369974997307244,-0.08110208291404192
-0.09666347940237366,-0.055273235436411314,-0.0507521856312939,-0.029369974997307244,-0.028238906281387064,-0.05479552625341916
-0.055273235436411314,-0.0507521856312939,-0.029369974997307244,-0.028238906281387064,-0.04994899737302656,-0.047483042166493405
-0.0507521856312939,-0.029369974997307244,-0.028238906281387064,-0.04994899737302656,-0.0036208258392044466,-0.040487320461919385
-0.029369974997307244,-0.028238906281387064,-0.04994899737302656,-0.0036208258392044466,0.1011119174122719,4.4940600203302594E-4
-0.028238906281387064,-0.04994899737302656,-0.0036208258392044466,0.1011119174122719,-0.021044168318476587,0.009416773307086457
